USE SIGESU;

SET SQL_SAFE_UPDATES = 0;

DELETE FROM historial_compra;
DELETE FROM infocorp;
DELETE FROM solicitud_afiliacion;
DELETE FROM tarjetaoh;
DELETE FROM calificacion_cliente;
DELETE FROM cliente_afiliado;
DELETE FROM stock_canje;
DELETE FROM catalogo_canje;
DELETE FROM producto_canje;
DELETE FROM categoria_canje;

INSERT INTO CLIENTE_AFILIADO
( ID, NOMBRE_COMPLETO, APELLIDO_PATERNO, APELLIDO_MATERNO, 
  TIPO_DOCUMENTO, NUMERO_DOCUMENTO, FECHA_NACIMIENTO, SEXO, 
  EMAIL, DIRECCION, TELEFONO_FIJO, TELEFONO_MOVIL, 
  SITUACION_LABORAL, ESTADO_CLIENTE, INDICADOR_TARJETA, TARJETA_VCLUB, 
  fecha_grabacion, usuario_grabacion, ventana_grabacion )
VALUES
(1,	'CARLOS ENRIQUE',	'ROSADO',		'ESPINOZA',	'DNI',	'45263253',	'1985-01-18 00:00:00.000',	'M',	'CROSADO@SUPERMERCADOSPERUANOS.COM.PE',		'CALLE LAS GARDENIAS 123 - LINCE',										'4562512',	'957423687',	'EMPLEADO',			'ACTIVO', 'S', 'S',	CURRENT_TIMESTAMP,	'JAISON',	'SYSTEM'),
(2,	'FELIPE MARTIN',	'GUARDIA',		'BASUALDO',	'DNI',	'32565421',	'1988-03-10 00:00:00.000',	'M',	'FGUARDIA@SUPERMERCADOSPERUANOS.COM.PE',	'GRAL VELARDE 1222 - MIRAFLORES',										'5632325',	'965874489',	'INDEPENDIENTE',	'ACTIVO', 'S', 'N',	CURRENT_TIMESTAMP,	'JAISON',	'SYSTEM'),
(3,	'ALBERTO LUIS',		'BORDA',		'DIAZ',		'DNI',	'40762144',	'1990-07-11 00:00:00.000',	'M',	'ABORDA@SUPERMERCADOSPERUANOS.COM.PE',		'CA.CANTUARIAS 345 - MIRAFLORES -  LIMA',								'4562151',	'996325874',	'INDEPENDIENTE',	'ACTIVO', 'S', 'S',	CURRENT_TIMESTAMP,	'JAISON',	'SYSTEM'),
(4,	'CESAR JOEL',		'RODRIGUEZ',	'ALVARADO',	'DNI',	'41258534',	'2000-02-16 00:00:00.000',	'M',	'CRODRIGUEZ@SUPERMERCADOSPERUANOS.COM.PE',	'AV. REPUBLICA DE PANAMA NRO. 4286 LIMA',								'3884028',	'965874136',	'EMPLEADO',			'ACTIVO', 'S', 'S',	CURRENT_TIMESTAMP,	'JAISON',	'SYSTEM'),
(5,	'JOSE LUIS',		'DIESTRA',		'ALEGRIA',	'DNI',	'42613057',	'1990-10-15 00:00:00.000',	'M',	'JDIESTRA@SUPERMERCADOSPERUANOS.COM.PE',	'JR. BUENAVENTURA RAYGADA NRO. 113 URB. CARLOS TAIMAN',					'6359854',	'989657410',	'EMPLEADO',			'ACTIVO', 'S', 'S',	CURRENT_TIMESTAMP,	'JAISON',	'SYSTEM'),
(6,	'DIANA',			'REYES',		'CALAGUA',	'DNI',	'42664506',	'1990-11-05 00:00:00.000',	'F',	'DREYES@SUPERMERCADOSPERUANOS.COM.PE',		'CAL. JUAN BIELOVUCIC NRO. 1325 URB. RISSO LIMA - LIMA - LINCE',		'4455761',	'978563100',	'EMPLEADO',			'ACTIVO', 'S', 'N',	CURRENT_TIMESTAMP,	'JAISON',	'SYSTEM'),
(7,	'PEDRO',			'NUÑEZ',		'DAVILA',	'DNI',	'42678450',	'1989-12-27 00:00:00.000',	'M',	'PDAVILA@SUPERMERCADOSPERUANOS.COM.PE',		'URB. SANTA CATALINA AV. NICOLAS ARRIOLA 863 LIMA-LIMA-LA VICTORIA',	'4562321',	'990857423',	'EMPLEADO',			'ACTIVO', 'S', 'N',	CURRENT_TIMESTAMP,	'JAISON',	'SYSTEM'),
(8,	'NELLY',			'RIOS',			'CELIS',	'DNI',	'43648075',	'1990-05-23 00:00:00.000',	'F',	'NRIOS@SUPERMERCADOSPERUANOS.COM.PE',		'AV. VALDERRAMA NRO. 387 URB. LAS QUINTANAS LA LIBERTAD',				'5632512',	'962147866',	'INDEPENDIENTE',	'ACTIVO', 'S', 'S',	CURRENT_TIMESTAMP,	'JAISON',	'SYSTEM'),
(9,	'JOSE DAVID',		'SALCEDO',		'ALFARO',	'DNI',	'43983153',	'1993-04-17 00:00:00.000',	'M',	'JSALCEDO@SUPERMERCADOSPERUANOS.COM.PE',	'AV. SAENZ PENA NRO. 702 PROV. CONST. DEL CALLAO',						'4423512',	'986745823',	'INDEPENDIENTE',	'ACTIVO', 'S', 'N',	CURRENT_TIMESTAMP,	'JAISON',	'SYSTEM'),
(10,'CLAUDIO',			'CUTIPA',		'FLORES',	'DNI',	'44281124',	'1992-06-06 00:00:00.000',	'M',	'CCUTIPA@SUPERMERCADOSPERUANOS.COM.PE',		'CAL. UNO NRO. 155 INT. 157 URB. RIO MAR - LORETO',						'4609173',	'957821578',	'EMPLEADO',			'ACTIVO', 'S', 'N',	CURRENT_TIMESTAMP,	'JAISON',	'SYSTEM'),
(11, '',				'GENERICO',		 '',		'DNI',	'99999999',	'1989-08-09 00:00:00.000',	'M',	'GENERICO@SUPERMERCADOSPERUANOS.COM.PE',	'LIMA',																	'',			'',				'INDEPENDIENTE',	'ACTIVO', 'S', 'S',	CURRENT_TIMESTAMP,	'JAISON',	'SYSTEM');
-- SELECT * FROM CLIENTE_AFILIADO;

INSERT INTO CALIFICACION_CLIENTE
(ID, ID_CLIENTE, CALIFICACION_CREDITICIA, LINEA_CREDITO,
 sueldo_cliente, otros_ingresos_cliente, estado_calificacion_cliente, fecha_grabacion, usuario_grabacion, ventana_grabacion)
VALUES
(1,	1,		'CON OBSERVACIONES',	0.0000,		1000.0000,	0.0000,		0,	CURRENT_TIMESTAMP,	'JAISON',	'SYSTEM'),
(2,	1,		'COMPLETADA',			1000.0000,	2000.0000,	0.0000,		1,	CURRENT_TIMESTAMP,	'JAISON',	'SYSTEM'),
(3,	2,		'COMPLETADA',			3500.0000,	2500.0000,	100.0000,	1,	CURRENT_TIMESTAMP,	'JAISON',	'SYSTEM'),
(4,	3,		'COMPLETADA',			4000.0000,	2500.0000,	1000.0000,	1,	CURRENT_TIMESTAMP,	'JAISON',	'SYSTEM'),
(5,	4,		'COMPLETADA',			5000.0000,	3000.0000,	100.0000,	1,	CURRENT_TIMESTAMP,	'JAISON',	'SYSTEM'),
(6,	5,		'CON OBSERVACIONES',	0.0000,		2000.0000,	0.0000,		0,	CURRENT_TIMESTAMP,	'JAISON',	'SYSTEM'),
(7,	5,		'COMPLETADA',			5500.0000,	2000.0000,	1500.0000,	1,	CURRENT_TIMESTAMP,	'JAISON',	'SYSTEM'),
(8,	6,		'COMPLETADA',			6000.0000,	3500.0000,	0.0000,		1,	CURRENT_TIMESTAMP,	'JAISON',	'SYSTEM'),
(9,	7,		'COMPLETADA',			5000.0000,	2500.0000,	1000.0000,	1,	CURRENT_TIMESTAMP,	'JAISON',	'SYSTEM'),
(10,	8,		'COMPLETADA',			4500.0000,	2500.5000,	0.0000,		1,	CURRENT_TIMESTAMP,	'JAISON',	'SYSTEM'),
(11,	9,		'COMPLETADA',			3000.0000,	1500.0000,	500.0000,	1,	CURRENT_TIMESTAMP,	'JAISON',	'SYSTEM'),
(12,	10,	'COMPLETADA',			3500.0000,	2500.0000,	0.0000,		1,	CURRENT_TIMESTAMP,	'JAISON',	'SYSTEM'),
(13,	11,	'CON OBSERVACIONES',	0.0000,		3000.0000,	0.0000,		0,	CURRENT_TIMESTAMP,	'JAISON',	'SYSTEM');
-- SELECT * FROM CALIFICACION_CLIENTE;

INSERT INTO CATEGORIA_CANJE
( ID, NOMBRE_CATEGORIA, fecha_grabacion, usuario_grabacion, ventana_grabacion )
VALUES
(1,	'CASACAS',					CURRENT_TIMESTAMP,	'JAISON',	'SYSTEM'),
(2,	'SERVICIO',					CURRENT_TIMESTAMP,	'JAISON',	'SYSTEM'),
(3,	'ACCESORIOS',				CURRENT_TIMESTAMP,	'JAISON',	'SYSTEM'),
(5,	'ANTIBACTERIAL',			CURRENT_TIMESTAMP,	'JAISON',	'SYSTEM'),
(8,	'COMPUTADORAS',				CURRENT_TIMESTAMP,	'JAISON',	'SYSTEM'),
(12,	'FRUTAL (MAT. PRIMA)',		CURRENT_TIMESTAMP,	'JAISON',	'SYSTEM'),
(13,	'FRUTAL (PROD. TERMINADO)',	CURRENT_TIMESTAMP,	'JAISON',	'SYSTEM'),
(15,	'GENERICO',					CURRENT_TIMESTAMP,	'JAISON',	'SYSTEM'),
(17,	'HERRAMIENTAS MANUALES',	CURRENT_TIMESTAMP,	'JAISON',	'SYSTEM'),
(22,	'IMPRESORA',				CURRENT_TIMESTAMP,	'JAISON',	'SYSTEM'),
(24,	'MATERIAL DE LIBRERIA',		CURRENT_TIMESTAMP,	'JAISON',	'SYSTEM'),
(25,	'MATERIAL DE LIMPIEZA',		CURRENT_TIMESTAMP,	'JAISON',	'SYSTEM'),
(27,	'MATERIALES',				CURRENT_TIMESTAMP,	'JAISON',	'SYSTEM'),
(28,	'MERCADERIA',				CURRENT_TIMESTAMP,	'JAISON',	'SYSTEM'),
(29,	'OTROS',					CURRENT_TIMESTAMP,	'JAISON',	'SYSTEM'),
(35,	'PINTURAS',					CURRENT_TIMESTAMP,	'JAISON',	'SYSTEM');
-- SELECT * FROM CATEGORIA_CANJE;

INSERT INTO PRODUCTO_CANJE
(ID, NOM_PROD_CANJ, ID_CATEGORIA_PRODUCTO, VALOR, TIPO_CANJE, 
 DESCRIPCION_PRODUCTO, CONDICION_CANJE, fecha_grabacion, usuario_grabacion, ventana_grabacion, DIR_RUTA, 
 IMG_PROD )
VALUES
(1,	'CASACA PERU AL MUNDIAL',	1,	100.0000,	1,	'CASACA PERU AL MUNDIAL RUSIA 2018, DISPONIBLE YA PARA LOS DOS ULTIMOS PARTIDOS DEFINITORIOS',	'POR CADA 100 PUNTOS, SE PODRA CANJEAR ESTA CASACA EXCLUSIVA APOYANDO A LA SELECCION PERUANA'	, CURRENT_TIMESTAMP,	'JAISON',	'SYSTEM',	'Content/Images/1.jpg',	NULL),
(2,	'BAR A DOMICILIO PERU AL MUNDIAL',	2,	350.0000,	0,	'BAR A DOMICILIO PERU AL MUNDIAL, CONTIENE TODO EL SERVICIO DEL ENVIO DE TODAS LAS BEBIDAS DEL BAR EL PERUANO',	'POR CADA 350 PUNTOS Y EL CONSUMO DE 100 SOLES EN TODA LA SECCION DE LICORERIA SE PODRA CANJEAR ESTE SERVICIO'	, CURRENT_TIMESTAMP,	'JAISON',	'SYSTEM',	'Content/Images/2.jpg',	NULL),
(3,	'ALCOHOL YOD.ERZAX30 ML.',	15,	20.0000,	1,	'ALCOHOL YOD.ERZAX30 ML.',	'TODAS LAS PRESENTACIONES'	, CURRENT_TIMESTAMP,	'JAISON',	'SYSTEM',	'Content/Images/3.jpg',	NULL),
(4,	'YODO',	15,	10.0000,	1,	'* YODO',	'TODAS LAS VERSIONES'	, CURRENT_TIMESTAMP,	'JAISON',	'SYSTEM',	'Content/Images/4.jpg',	NULL),
(5,	'ACEITE 3EN UNO',	15,	20.0000,	1,	'ACEITE 3EN UNO'	,'TODAS LAS PRESENTACIONES'	, CURRENT_TIMESTAMP,	'JAISON',	'SYSTEM',	'Content/Images/5.jpg',	NULL),
(6,	'ALCOHOL YODADO 960 ML',	5,	20.0000,	1,	'*ALCOHOL YODADO'	,'TODAS LAS PRESENTACIONES'	, CURRENT_TIMESTAMP,	'JAISON',	'SYSTEM',	'Content/Images/6.jpg',	NULL),
(7,	'ALGODON',	15,	30.0000,	1,	'ALGODON'	,'TODAS LAS PRESENTACIONES'	, CURRENT_TIMESTAMP,	'JAISON',	'SYSTEM',	'Content/Images/7.jpg',	NULL),
(8,	'CERA PARA AUTO',	25,	40.0000,	1,	'CERA PARA AUTO'	,'TODAS LAS PRESENTACIONES'	, CURRENT_TIMESTAMP,	'JAISON',	'SYSTEM',	'Content/Images/8.jpg',	NULL),
(10,'NITROFURANTOINA 100MG',	15,	35.0000,	1,	'*NITROFURANTOINA 100MG'	,'TODAS LAS PRESENTACIONES CON RECETA'	, CURRENT_TIMESTAMP,	'JAISON',	'SYSTEM',	'Content/Images/10.jpg',	NULL),
(12,'ALICATE DE BOCA ACODADA',	17,	25.0000,	1,	'ALICATE DE BOCA ACODADA'	,'TODAS LAS PRESENTACIONES'	, CURRENT_TIMESTAMP,	'JAISON',	'SYSTEM',	'Content/Images/12.jpg',	NULL),
(13,'ALICATE DE BOCA PLANA',	17,	30.0000,	1,	'ALICATE DE BOCA PLANA'	,'TODAS LAS PRESENTACIONES'	, CURRENT_TIMESTAMP,	'JAISON',	'SYSTEM',	'Content/Images/13.jpg',	NULL),
(14,'ALICATE DE BOCA REDONDA',	17,	35.0000,	1,	'ALICATE DE BOCA REDONDA'	,'TODAS LAS PRESENTACIONES'	, CURRENT_TIMESTAMP,	'JAISON',	'SYSTEM',	'Content/Images/14.jpg',	NULL),
(15,'ALICATE UNIVERSAL',	17,	30.0000,	1,	'ALICATE UNIVERSAL'	,'TODAS LAS PRESENTACIONES'	, CURRENT_TIMESTAMP,	'JAISON',	'SYSTEM',	'Content/Images/15.jpg',	NULL),
(16,'ALMOL TALCO FECULA X 120 G.',	15,	50.0000,	1,	'ALMOL TALCO FECULA X 120',	'HASTA AGOTAR STOCK DE LA VERSION 120'	, CURRENT_TIMESTAMP,	'JAISON',	'SYSTEM',	'Content/Images/16.jpg',	NULL),
(17,'AMOXIDIN 7 250 250 MG 5 ML',	5,	60.0000,	1,	'AMOXIDIN 7 250 250 MG/5 ML'	,'TODAS LAS PRESENTACIONES'	, CURRENT_TIMESTAMP,	'JAISON',	'SYSTEM',	'Content/Images/17.jpg',	NULL),
(18,'AMOXIDIN CL 500 MG 125 ML',	5,	55.0000,	1,	'AMOXIDIN CL 500 MG/125 ML'	,'TODAS LAS PRESENTACIONES'	, CURRENT_TIMESTAMP,	'JAISON',	'SYSTEM',	'Content/Images/18.jpg',	NULL),
(32,'BARNIZ MARINO',	35,	100.0000,	1,	'BARNIZ MARINO'	,'TODAS LAS PRESENTACIONES'	, CURRENT_TIMESTAMP,	'JAISON',	'SYSTEM',	'Content/Images/32.jpg',	NULL),
(33,'SILLA CON RESPALDAR',	28,	500.0000,	1,	'SILLA CON RESPALDAR'	,'TODAS LAS PRESENTACIONES'	, CURRENT_TIMESTAMP,	'JAISON',	'SYSTEM',	'Content/Images/33.jpg',	NULL),
(34,'ESCRITORIO MELAMINA 1.6MTS',	28,	600.0000,	1,	'ESCRITORIO MELAMINA 1.6MTS'	,'TODAS LAS PRESENTACIONES'	, CURRENT_TIMESTAMP,	'JAISON',	'SYSTEM',	'Content/Images/34.jpg',	NULL),
(35,'SILLA GIRATORIA',	28,	700.0000,	1,	'SILLA GIRATORIA'	,'TODAS LAS PRESENTACIONES'	, CURRENT_TIMESTAMP,	'JAISON',	'SYSTEM',	'Content/Images/35.jpg',	NULL),
(36,'MESA DE COMEDOR',	28,	750.0000,	1,	'MESA DE COMEDOR'	,'TODAS LAS PRESENTACIONES'	, CURRENT_TIMESTAMP,	'JAISON',	'SYSTEM',	'Content/Images/36.jpg',	NULL),
(37,'SENSORES POR ULTRASONIDOS SIK 8200',	28,	1000.0000,	1,	'SENSORES POR ULTRASONIDOS SIK 8200'	,'TODAS LAS PRESENTACIONES PREVIO PERMISO DE SALUD'	, CURRENT_TIMESTAMP,	'JAISON',	'SYSTEM',	'Content/Images/37.jpg',	NULL),
(38,'NAPROSYN CAPSULAS 500MGX10',	15,	10.0000,	1,	'NAPROSYN CAPSULAS 500MGX10'	,'TODAS LAS PRESENTACIONES CON RECETA'	, CURRENT_TIMESTAMP,	'JAISON',	'SYSTEM',	'Content/Images/38.jpg',	NULL),
(39,'PARCHE LEON ARNICA 9X12CM.',	15,	25.0000,	1,	'PARCHE LEON ARNICA 9X12CM.'	,'TODAS LAS PRESENTACIONES'	, CURRENT_TIMESTAMP,	'JAISON',	'SYSTEM',	'Content/Images/39.jpg',	NULL),
(40,'PINTURA FIESTA COLOR',	35,	200.0000,	1,	'PINTURA FIESTA COLOR'	,'TODAS LAS PRESENTACIONES'	, CURRENT_TIMESTAMP,	'JAISON',	'SYSTEM',	'Content/Images/40.jpg',	NULL),
(41,'LACA SELLADORA',	35,	100.0000,	1,	'LACA SELLADORA'	,'TODAS LAS PRESENTACIONES'	, CURRENT_TIMESTAMP,	'JAISON',	'SYSTEM',	'Content/Images/41.jpg',	NULL),
(42,'FAX PANASONIC FX-2250',	28,	300.0000,	1,	'FAX PANASONIC FX-2250'	,'TODAS LAS PRESENTACIONES'	, CURRENT_TIMESTAMP,	'JAISON',	'SYSTEM',	'Content/Images/42.jpg',	NULL),
(43,'MINICOMPONENTE PIONNER SOUND',	28,	500.0000,	1,	'MINICOMPONENTE PIONNER SOUND SND-6500 PWW'	,'TODAS LAS PRESENTACIONES'	, CURRENT_TIMESTAMP,	'JAISON',	'SYSTEM',	'Content/Images/43.jpg',	NULL),
(44,'LIMAS TAHITI 15.00 KN 48-50 MM CAT 1',	13,	15.0000,	1,	'LIMAS TAHITI 15.00 KN 48-50 MM CAT 1 COEXA'	,'TODAS LAS PRESENTACIONES'	, CURRENT_TIMESTAMP,	'JAISON',	'SYSTEM',	'Content/Images/44.jpg',	NULL),
(45,'LIMAS TAHITI 15.00 KN 48-50 MM CAT 1.5',	13,	16.0000,	1,	'LIMAS TAHITI 15.00 KN 48-50 MM CAT 1.5 COEXA'	,'TODAS LAS PRESENTACIONES'	, CURRENT_TIMESTAMP,	'JAISON',	'SYSTEM',	'Content/Images/45.jpg',	NULL),
(46,'LIMAS TAHITI 15.00 KN 50-54 MM CAT 1',	13,	10.0000,	1,	'LIMAS TAHITI 15.00 KN 50-54 MM CAT 1 COEXA'	,'TODAS LAS PRESENTACIONES'	, CURRENT_TIMESTAMP,	'JAISON',	'SYSTEM',	'Content/Images/46.jpg',	NULL),
(47,'LIMAS TAHITI 17.00 KN 48-50 MM CAT 1.5',	13,	20.0000,	1,	'LIMAS TAHITI 17.00 KN 48-50 MM CAT 1.5 FRESH LIMES'	,'TODAS LAS PRESENTACIONES'	, CURRENT_TIMESTAMP,	'JAISON',	'SYSTEM',	'Content/Images/47.jpg',	NULL),
(48,'LIMAS TAHITI 17.00 KN 50-54 MM CAT 1.5',	13,	25.0000,	1,	'LIMAS TAHITI 17.00 KN 50-54 MM CAT 1.5 FRESH LIMES'	,'TODAS LAS PRESENTACIONES'	, CURRENT_TIMESTAMP,	'JAISON',	'SYSTEM',	'Content/Images/48.jpg',	NULL),
(49,'LIMON TAHITI',	13,	50.0000,	1,	'LIMON TAHITI'	,'TODAS LAS PRESENTACIONES'	, CURRENT_TIMESTAMP,	'JAISON',	'SYSTEM',	'Content/Images/49.jpg',	NULL),
(50,'UVA FLAME',	12,	10.0000,	1,	'UVA FLAME'	,'TODAS LAS PRESENTACIONES'	, CURRENT_TIMESTAMP,	'JAISON',	'SYSTEM',	'Content/Images/50.jpg',	NULL),
(51,'UVA FLAME SEEDLESS 4.5 KN  22',	12,	20.0000,	1,	'UVA FLAME SEEDLESS 4.5 KN  22  TABLE GRAPES'	,'TODAS LAS PRESENTACIONES'	, CURRENT_TIMESTAMP,	'JAISON',	'SYSTEM',	'Content/Images/51.jpg',	NULL),
(52,'UVA FLAME SEEDLESS 4.5 KN  44',	12,	25.0000,	1,	'UVA FLAME SEEDLESS 4.5 KN  44  TABLE GRAPES'	,'TODAS LAS PRESENTACIONES'	, CURRENT_TIMESTAMP,	'JAISON',	'SYSTEM',	'Content/Images/52.jpg',	NULL),
(53,'UVA FLAME SEEDLESS 8.2 KN 16-18',	12,	20.0000,	1,	'UVA FLAME SEEDLESS 8.2 KN 16-18 MM SIZE 22 COEXA'	,'TODAS LAS PRESENTACIONES'	, CURRENT_TIMESTAMP,	'JAISON',	'SYSTEM',	'Content/Images/53.jpg',	NULL),
(54,'UVA FLAME SEEDLESS 8.2 KN 18-20',	12,	23.0000,	1,	'UVA FLAME SEEDLESS 8.2 KN 18-20 MM SIZE 44 COEXA'	,'TODAS LAS PRESENTACIONES'	, CURRENT_TIMESTAMP,	'JAISON',	'SYSTEM',	'Content/Images/54.jpg',	NULL),
(55,'UVA FLAME SEEDLESS 9.0 KN  17 MM',	12,	25.0000,	1,	'UVA FLAME SEEDLESS 9.0 KN > 17 MM ROYAL TABLE GRAPES'	,'TODAS LAS PRESENTACIONES'	, CURRENT_TIMESTAMP,	'JAISON',	'SYSTEM',	'Content/Images/55.jpg',	NULL),
(62,'CAMA DE MARMOL 2 PLAZAS',	28,	600.0000,	1,	'CAMA DE MARMOL 2 PLAZAS'	,'TODAS LAS PRESENTACIONES'	, CURRENT_TIMESTAMP,	'JAISON',	'SYSTEM',	'Content/Images/62.jpg',	NULL),
(63,'CAMA DE MARMOL DE 1 PLAZA Y MEDIA',	28,	650.0000,	1,	'CAMA DE MARMOL DE 1 PLAZA Y MEDIA'	,'TODAS LAS PRESENTACIONES'	, CURRENT_TIMESTAMP,	'JAISON',	'SYSTEM',	'Content/Images/63.jpg',	NULL),
(72,'BOLSAS CHICAS - MEMORIAS X UNID',	29,	20.0000,	1,	'BOLSAS CHICAS PARA MEMORIAS X UNIDAD (20.5 X 10 CMS)'	,'TODAS LAS PRESENTACIONES'	, CURRENT_TIMESTAMP,	'JAISON',	'SYSTEM',	'Content/Images/72.jpg',	NULL),
(73,'BOLSAS CHICAS CON ASA Y LOGO',	29,	10.0000,	1,	'BOLSAS CHICAS CON ASA Y LOGO X UNIDAD'	,'TODAS LAS PRESENTACIONES'	, CURRENT_TIMESTAMP,	'JAISON',	'SYSTEM',	'Content/Images/73.jpg',	NULL),
(74,'BOLSAS GRAND.CON ASA Y LOGOXUNIDAD (33 X 46 CMS)',	29,	5.0000,	1,	'BOLSAS GRANDES CON ASA Y LOGO X UNIDAD (33 X 46 CMS)'	,'TODAS LAS PRESENTACIONES'	, CURRENT_TIMESTAMP,	'JAISON',	'SYSTEM',	'Content/Images/74.jpg',	NULL),
(75,'BOLSAS MEDI.PARA LECTORAS X UNID (23 X 31 CMS)',	29,	5.0000,	1,	'BOLSAS MEDIANAS PARA LECTORAS X UNIDAD (23 X 31 CMS)'	,'TODAS LAS PRESENTACIONES'	, CURRENT_TIMESTAMP,	'JAISON',	'SYSTEM',	'Content/Images/75.jpg',	NULL),
(76,'BOLSAS NEGRAS X 100 UND  P   BASURA  220 LTS',	29,	5.0000,	1,	'BOLSAS NEGRAS X 100 UND  P / BASURA  220 LTS'	,'TODAS LAS PRESENTACIONES'	, CURRENT_TIMESTAMP,	'JAISON',	'SYSTEM',	'Content/Images/76.jpg',	NULL),
(77,'LAPICERO  AZUL',	24,	10.0000,	1,	'LAPICERO  AZUL'	,'TODAS LAS PRESENTACIONES'	, CURRENT_TIMESTAMP,	'JAISON',	'SYSTEM',	'Content/Images/77.jpg',	NULL),
(78,'LAPICERO  NEGRO',	24,	10.0000,	1,	'LAPICERO  NEGRO'	,'TODAS LAS PRESENTACIONES'	, CURRENT_TIMESTAMP,	'JAISON',	'SYSTEM',	'Content/Images/78.jpg',	NULL),
(79,'LAPICERO  ROJO',	24,	10.0000,	1,	'LAPICERO ROJO'	,'TODAS LAS PRESENTACIONES'	, CURRENT_TIMESTAMP,	'JAISON',	'SYSTEM',	'Content/Images/79.jpg',	NULL),
(80,'LAPICERO PILOT 123',	24,	10.0000,	1,	'LAPICERO PILOT 123'	,'TODAS LAS PRESENTACIONES'	, CURRENT_TIMESTAMP,	'JAISON',	'SYSTEM',	'Content/Images/80.jpg',	NULL),
(92,'SERVICIO DE INSTALACION',	2,	3500.0000,	0,	'SERVICIO DE INSTALACION',	'TODOS LOS SERVICIOS QUE INVOLUCREN UNA INSTALACION'	, CURRENT_TIMESTAMP,	'JAISON',	'SYSTEM',	'Content/Images/92.jpg',	NULL),
(93,'SERVICIO DE MANTENIMIENTO CORRECTIVO',	2,	4000.0000,	1,	'SERVICIO DE MANTENIMIENTO CORRECTIVO',	'TODOS LOS SERVICIOS QUE INVOLUCREN UNA REPARACION'	, CURRENT_TIMESTAMP,	'JAISON',	'SYSTEM',	'Content/Images/93.jpg',	NULL),
(94,'SERVICIO DE MANTENIMIENTO PREVENTIVO',	2,	4500.0000,	1,	'SERVICIO DE MANTENIMIENTO PREVENTIVO',	'TODOS LOS SERVICIOS QUE INVOLUCREN UNA INSTALACION'	, CURRENT_TIMESTAMP,	'JAISON',	'SYSTEM',	'Content/Images/94.jpg',	NULL),
(95,'SERVICIO DE REPARACION',	2,	5000.0000,	1,	'SERVICIO DE REPARACION',	'TODOS LOS SERVICIOS QUE INVOLUCREN UNA INSTALACION'	, CURRENT_TIMESTAMP,	'JAISON',	'SYSTEM',	'Content/Images/95.jpg',	NULL),
(96,'SERVICIO PARA DEBITO',	2,	3600.0000,	1,	'SERVICIO PARA DEBITO',	'TODOS LOS SERVICIOS QUE INVOLUCREN UN PAGO'	, CURRENT_TIMESTAMP,	'JAISON',	'SYSTEM',	'Content/Images/96.jpg',	NULL),
(97,'HP C4836A - Cartucho para impresora',	22,	650.0000,	1,	'HP C4836A - Cartucho para impresora',	'TODAS LAS VERSIONES DE LA MARCA'	, CURRENT_TIMESTAMP,	'JAISON',	'SYSTEM',	'Content/Images/97.jpg',	NULL),
(98,'HP C4837A - Cartucho para impresora',	22,	600.0000,	1,	'HP C4837A - Cartucho para impresora',	'TODAS LAS VERSIONES DE LA MARCA'	, CURRENT_TIMESTAMP,	'JAISON',	'SYSTEM',	'Content/Images/98.jpg',	NULL),
(99,'HP C6578D - CARTUCHO DJ 920 TRICOLOR',	22,	580.0000,	1,	'HP C6578D - CARTUCHO DJ 920 TRICOLOR',	'TODAS LAS VERSIONES DE LA MARCA'	, CURRENT_TIMESTAMP,	'JAISON',	'SYSTEM',	'Content/Images/99.jpg',	NULL),
(100,'HP C6615D - Cartucho DJ 840 Negro',	22,	490.0000,	1,	'HP C6615D - Cartucho DJ 840 Negro',	'TODAS LAS VERSIONES DE LA MARCA'	, CURRENT_TIMESTAMP,	'JAISON',	'SYSTEM',	'Content/Images/100.jpg',	NULL),
(101,'HP C6625A - Cartucho DJ840 TRICOLOR',	22,	591.0000,	1,	'HP C6625A - Cartucho DJ840 TRICOLOR',	'TODAS LAS VERSIONES DE LA MARCA'	, CURRENT_TIMESTAMP,	'JAISON',	'SYSTEM',	'Content/Images/101.jpg',	NULL),
(119,'CANON  t. CYAN pix IP3000 ( 6 CY BCI - 6 C )',	22,	390.0000,	1,	'CANON  tinta CYAN pix IP3000 ( 6 CY BCI - 6 C )'	,'TODAS LAS PRESENTACIONES'	, CURRENT_TIMESTAMP,	'JAISON',	'SYSTEM',	'Content/Images/119.jpg',	NULL),
(120,'CANON  T.YELLOW PIX IP3000 - ( 6YELL BCI - 6Y)',	22,	560.0000,	1,	'CANON  TINTA YELLOW PIX IP3000 ( 6 YELL BCI - 6 Y)'	,'TODAS LAS PRESENTACIONES'	, CURRENT_TIMESTAMP,	'JAISON',	'SYSTEM',	'Content/Images/120.jpg',	NULL),
(121,'CANON  tinta Magenta pix IP 3000  (6 Mag BCI-6M)',	22,	680.0000,	1,	'CANON  tinta Magenta pix IP 3000  (6 Mag BCI-6M)'	,'TODAS LAS PRESENTACIONES'	, CURRENT_TIMESTAMP,	'JAISON',	'SYSTEM',	'Content/Images/121.jpg',	NULL),
(122,'CANON -TINTA  CL-41 TRICL ( 1600 1200 2200 1800)',	22,	710.0000,	1,	'CANON -TINTA  CL-41 TRICL ( 1600/1200/2200/1800)'	,'TODAS LAS PRESENTACIONES'	, CURRENT_TIMESTAMP,	'JAISON',	'SYSTEM',	'Content/Images/122.jpg',	NULL),
(123,'CANON -TINTA PG-40 NEGR ( 1200 1600 2200 1800)',	22,	259.0000,	1,	'CANON -TINTA PG-40 NEGR ( 1200/1600/2200/1800)'	,'TODAS LAS PRESENTACIONES'	, CURRENT_TIMESTAMP,	'JAISON',	'SYSTEM',	'Content/Images/123.jpg',	NULL),
(127,'PAPEL BOND A3 (500 HOJAS)',	24,	51.0000,	1,	'PAPEL BOND A3 (500 HOJAS)'	,'TODAS LAS PRESENTACIONES'	, CURRENT_TIMESTAMP,	'JAISON',	'SYSTEM',	'Content/Images/127.jpg',	NULL),
(128,'PAPEL BOND A4 (500 HOJAS)',	24,	57.0000,	1,	'PAPEL BOND A4 (500 HOJAS)'	,'TODAS LAS PRESENTACIONES'	, CURRENT_TIMESTAMP,	'JAISON',	'SYSTEM',	'Content/Images/128.jpg',	NULL),
(129,'PAPEL BOND CARTA (500 HOJAS)',	24,	66.0000,	1,	'PAPEL BOND CARTA (500 HOJAS)'	,'TODAS LAS PRESENTACIONES'	, CURRENT_TIMESTAMP,	'JAISON',	'SYSTEM',	'Content/Images/129.jpg',	NULL),
(130,'PAPEL BOND OFICIO (500 HOJAS)',	24,	65.0000,	1,	'PAPEL BOND OFICIO (500 HOJAS)'	,'TODAS LAS PRESENTACIONES'	, CURRENT_TIMESTAMP,	'JAISON',	'SYSTEM',	'Content/Images/130.jpg',	NULL),
(137,'TONER SAMSUNG SCX - 4200 ( 4200 A )',	22,	199.0000,	1,	'TONER   SAMSUNG  SCX - 4200 / ( 4200 A )'	,'TODAS LAS PRESENTACIONES'	, CURRENT_TIMESTAMP,	'JAISON',	'SYSTEM',	'Content/Images/137.jpg',	NULL),
(138,'TONER SAMSUNG  SCX - 4521 ( 4521 D 3 )',	22,	258.0000,	1,	'TONER   SAMSUNG  SCX - 4521 / ( 4521 D 3 )'	,'TODAS LAS PRESENTACIONES'	, CURRENT_TIMESTAMP,	'JAISON',	'SYSTEM',	'Content/Images/138.jpg',	NULL),
(139,'TONER HP ML 3050 B SEE -( ML 305X )',	22,	300.0000,	1,	'TONER  HP  ML 3050 B/SEE - ( ML 305X )'	,'TODAS LAS PRESENTACIONES'	, CURRENT_TIMESTAMP,	'JAISON',	'SYSTEM',	'Content/Images/139.jpg',	NULL),
(140,'TONER SAMSUNG ML 1610 - ( ML 1610 D2 )',	22,	250.0000,	1,	'TONER  SAMSUNG ML 1610 - ( ML 1610 D2 )'	,'TODAS LAS PRESENTACIONES'	, CURRENT_TIMESTAMP,	'JAISON',	'SYSTEM',	'Content/Images/140.jpg',	NULL),
(141,'TONER SAMSUNG ML 3560 DB - ( ML 356 X )',	22,	199.0000,	1,	'TONER  SAMSUNG ML 3560 DB - ( ML 356 X )'	,'TODAS LAS PRESENTACIONES'	, CURRENT_TIMESTAMP,	'JAISON',	'SYSTEM',	'Content/Images/141.jpg',	NULL),
(142,'BARNIZ MARINO SPAR',	35,	46.0000,	1,	'BARNIZ MARINO SPAR'	,'TODAS LAS PRESENTACIONES'	, CURRENT_TIMESTAMP,	'JAISON',	'SYSTEM',	'Content/Images/142.jpg',	NULL),
(143,'BARNIZ T81',	35,	41.0000,	1,	'BARNIZ T81'	,'TODAS LAS PRESENTACIONES'	, CURRENT_TIMESTAMP,	'JAISON',	'SYSTEM',	'Content/Images/143.jpg',	NULL),
(144,'BARNIZ V-1',	35,	40.0000,	1,	'BARNIZ V-1'	,'TODAS LAS PRESENTACIONES'	, CURRENT_TIMESTAMP,	'JAISON',	'SYSTEM',	'Content/Images/144.jpg',	NULL),
(156,'CUADERNO  DE  CARGO',	24,	80.0000,	1,	'CUADERNO  DE  CARGO'	,'TODAS LAS PRESENTACIONES'	, CURRENT_TIMESTAMP,	'JAISON',	'SYSTEM',	'Content/Images/156.jpg',	NULL),
(157,'CUADERNO BULKY',	24,	75.0000,	1,	'CUADERNO BULKY'	,'TODAS LAS PRESENTACIONES'	, CURRENT_TIMESTAMP,	'JAISON',	'SYSTEM',	'Content/Images/157.jpg',	NULL),
(158,'CUADERNO CUADRICULADO',	24,	64.0000,	1,	'CUADERNO CUADRICULADO T / CARTA (X100H)'	,'TODAS LAS PRESENTACIONES'	, CURRENT_TIMESTAMP,	'JAISON',	'SYSTEM',	'Content/Images/158.jpg',	NULL),
(159,'PLUMON NEG.DELGADO INDELEBLE FABER CASTELL',	24,	32.0000,	1,	'PLUMON NEGRO DELGADO INDELEBLE FABER CASTELL # 421'	,'TODAS LAS PRESENTACIONES'	, CURRENT_TIMESTAMP,	'JAISON',	'SYSTEM',	'Content/Images/159.jpg',	NULL),
(160,'PLUMON NEG.GRUESO INDELEBLE FABER CASTELL',	24,	31.0000,	1,	'PLUMON NEGRO GRUESO INDELEBLE FABER CASTELL # 23'	,'TODAS LAS PRESENTACIONES'	, CURRENT_TIMESTAMP,	'JAISON',	'SYSTEM',	'Content/Images/160.jpg',	NULL),
(161,'PLUMON PIZ.ACRILICA VERDE FABER CASTELL',	24,	30.0000,	1,	'PLUMON PIZARRA ACRILICA VERDE FABER CASTELL # 123'	,'TODAS LAS PRESENTACIONES'	, CURRENT_TIMESTAMP,	'JAISON',	'SYSTEM',	'Content/Images/161.jpg',	NULL),
(162,'PLUMON PIZA.ACRILICA NEGRO FABER CASTELL',	24,	29.0000,	1,	'PLUMON PIZARRA ACRILICA NEGRO FABER CASTELL # 123'	,'TODAS LAS PRESENTACIONES'	, CURRENT_TIMESTAMP,	'JAISON',	'SYSTEM',	'Content/Images/162.jpg',	NULL),
(163,'PLUMON PIZA.ACRILICA ROJO FABER CASTELL',	24,	28.0000,	1,	'PLUMON PIZARRA ACRILICA ROJO FABER CASTELL # 123'	,'TODAS LAS PRESENTACIONES'	, CURRENT_TIMESTAMP,	'JAISON',	'SYSTEM',	'Content/Images/163.jpg',	NULL),
(164,'PLUMON PIZAR.ACRILICA AZUL FABER CASTELL',	24,	27.0000,	1,	'PLUMON PIZARRA ACRILICA AZUL FABER CASTELL'	,'TODAS LAS PRESENTACIONES'	, CURRENT_TIMESTAMP,	'JAISON',	'SYSTEM',	'Content/Images/164.jpg',	NULL),
(166,'CALCULADORA CASIO MS-100TV ( 10 DIGITOS )',	15,	850.0000,	1,	'CALCULADORA  CASIO  MS-100TV ( 10 DIGITOS )'	,'TODAS LAS PRESENTACIONES'	, CURRENT_TIMESTAMP,	'JAISON',	'SYSTEM',	'Content/Images/166.jpg',	NULL),
(167,'LIJA PARA FIERRO',	3,	75.0000,	1,	'LIJA PARA FIERRO'	,'TODAS LAS PRESENTACIONES'	, CURRENT_TIMESTAMP,	'JAISON',	'SYSTEM',	'Content/Images/167.jpg',	NULL),
(168,'LIJA PARA MADERA',	3,	69.0000,	1,	'LIJA PARA MADERA'	,'TODAS LAS PRESENTACIONES'	, CURRENT_TIMESTAMP,	'JAISON',	'SYSTEM',	'Content/Images/168.jpg',	NULL),
(169,'LIJA PARA PARED',	3,	68.0000,	1,	'LIJA PARA PARED'	,'TODAS LAS PRESENTACIONES'	, CURRENT_TIMESTAMP,	'JAISON',	'SYSTEM',	'Content/Images/169.jpg',	NULL),
(173,'FUROXONA 16,66 MG 5ML',	5,	370.0000,	1,	'FUROXONA 16,66 MG/5ML FUROXONA 16,66 MG/5ML'	,'TODAS LAS PRESENTACIONES'	, CURRENT_TIMESTAMP,	'JAISON',	'SYSTEM',	'Content/Images/173.jpg',	NULL),
(174,'FUROXONA FORTE 50 MG  5 ML',	5,	360.0000,	1,	'FUROXONA FORTE 50 MG/ 5 ML'	,'TODAS LAS PRESENTACIONES'	, CURRENT_TIMESTAMP,	'JAISON',	'SYSTEM',	'Content/Images/174.jpg',	NULL),
(177,'IMPRESORA MULTIFUNCIONAL HP 3435',	8,	850.0000,	1,	'IMPRESORA MULTIFUNCIONAL HP 3435'	,'TODAS LAS PRESENTACIONES'	, CURRENT_TIMESTAMP,	'JAISON',	'SYSTEM',	'Content/Images/177.jpg',	NULL),
(178,'LAPTOP HP CORE I5 14',	8,	2000.0000,	1,	'LAPTOP HP CORE I5 14 PULG'	,'TODAS LAS PRESENTACIONES'	, CURRENT_TIMESTAMP,	'JAISON',	'SYSTEM',	'Content/Images/178.jpg',	NULL),
(179,'LAPTOP TOSHIBA CORE I7 15',	8,	1500.0000,	1,	'LAPTOP TOSHIBA CORE I7 15 PULG'	,'TODAS LAS PRESENTACIONES'	, CURRENT_TIMESTAMP,	'JAISON',	'SYSTEM',	'Content/Images/179.jpg',	NULL),
(180,'MONITOR LG 17',	8,	350.0000,	1,	'MONITOR LG 17 PULG'	,'TODAS LAS PRESENTACIONES'	, CURRENT_TIMESTAMP,	'JAISON',	'SYSTEM',	'Content/Images/180.jpg',	NULL),
(181,'MOUSE LOGITECH ALAMBRICO',	8,	350.0000,	1,	'MOUSE LOGITECH ALAMBRICO'	,'TODAS LAS PRESENTACIONES'	, CURRENT_TIMESTAMP,	'JAISON',	'SYSTEM',	'Content/Images/181.jpg',	NULL),
(182,'TECLADO MICRONICS ERGONOMICO',	8,	250.0000,	1,	'TECLADO MICRONICS ERGONOMICO'	,'TODAS LAS PRESENTACIONES'	, CURRENT_TIMESTAMP,	'JAISON',	'SYSTEM',	'Content/Images/182.jpg',	NULL),
(187,'BROCHAS RJ45',	17,	100.0000,	1,	'BROCHAS RJ45'	,'TODAS LAS PRESENTACIONES'	, CURRENT_TIMESTAMP,	'JAISON',	'SYSTEM',	'Content/Images/187.jpg',	NULL),
(188,'MARTILLO ENCOFRADOR STANLEY',	17,	250.0000,	1,	'MARTILLO ENCOFRADOR STANLEY'	,'TODAS LAS PRESENTACIONES'	, CURRENT_TIMESTAMP,	'JAISON',	'SYSTEM',	'Content/Images/188.jpg',	NULL),
(193,'PAPEL HIGIENICO JUMBO  4 X 500 MTS',	25,	35.0000,	1,	'PAPEL HIGIENICO JUMBO  4 X 500 MTS'	,'TODAS LAS PRESENTACIONES'	, CURRENT_TIMESTAMP,	'JAISON',	'SYSTEM',	'Content/Images/193.jpg',	NULL),
(194,'SENSORES DE COLOR SIK 5800',	28,	535.0000,	1,	'SENSORES DE COLOR SIK 5800'	,'TODAS LAS PRESENTACIONES'	, CURRENT_TIMESTAMP,	'JAISON',	'SYSTEM',	'Content/Images/194.jpg',	NULL),
(195,'SENSORES DE DISTANCIA SIK 5300',	28,	530.0000,	1,	'SENSORES DE DISTANCIA SIK 5300'	,'TODAS LAS PRESENTACIONES'	, CURRENT_TIMESTAMP,	'JAISON',	'SYSTEM',	'Content/Images/195.jpg',	NULL),
(196,'SENSORES DE VISION SIK 5600',	28,	520.0000,	1,	'SENSORES DE VISION SIK 5600'	,'TODAS LAS PRESENTACIONES'	, CURRENT_TIMESTAMP,	'JAISON',	'SYSTEM',	'Content/Images/196.jpg',	NULL),
(197,'SENSORES FOTOELECTRICOS CON FIBRA OPTICA SIK 8800',	28,	500.0000,	1,	'SENSORES FOTOELECTRICOS CON FIBRA OPTICA SIK 8800'	,'TODAS LAS PRESENTACIONES'	, CURRENT_TIMESTAMP,	'JAISON',	'SYSTEM',	'Content/Images/197.jpg',	NULL),
(198,'SENSORES MAGNETICOS SIK 8500',	28,	450.0000,	1,	'SENSORES MAGNETICOS SIK 8500'	,'TODAS LAS PRESENTACIONES'	, CURRENT_TIMESTAMP,	'JAISON',	'SYSTEM',	'Content/Images/198.jpg',	NULL);
-- SELECT * FROM PRODUCTO_CANJE;

INSERT INTO CATALOGO_CANJE
(ID_CATALOGO, ID_PRODUCTO_CANJE, ID_CATEGORIA_CANJE, FECHA_INICIAL_CATALOGO, 
 FECHA_FINAL_CATALOGO, fecha_grabacion, usuario_grabacion, ventana_grabacion)
VALUES
(1,	5,	15,	'2017-01-01 00:00:00.000',	'2017-01-31 00:00:00.000',	CURRENT_TIMESTAMP,	'JAISON',	'SYSTEM'),
(1,	32,	35, '2017-01-01 00:00:00.000',	'2017-01-31 00:00:00.000',	CURRENT_TIMESTAMP,	'JAISON',	'SYSTEM'),
(2,	33,	28,	'2017-02-01 00:00:00.000',	'2017-04-30 00:00:00.000',	CURRENT_TIMESTAMP,	'JAISON',	'SYSTEM'),
(2,	34,	28,	'2017-02-01 00:00:00.000',	'2017-04-30 00:00:00.000',	CURRENT_TIMESTAMP,	'JAISON',	'SYSTEM'),
(2,	35,	28,	'2017-02-01 00:00:00.000',	'2017-04-30 00:00:00.000',	CURRENT_TIMESTAMP,	'JAISON',	'SYSTEM'),
(2,	36,	28,	'2017-02-01 00:00:00.000',	'2017-04-30 00:00:00.000',	CURRENT_TIMESTAMP,	'JAISON',	'SYSTEM'),
(2,	37,	28,	'2017-02-01 00:00:00.000',	'2017-04-30 00:00:00.000',	CURRENT_TIMESTAMP,	'JAISON',	'SYSTEM'),
(3,	3,	15,	'2017-05-01 00:00:00.000',	'2017-10-31 00:00:00.000',	CURRENT_TIMESTAMP,	'JAISON',	'SYSTEM'),
(3,	33,	28,	'2017-05-01 00:00:00.000',	'2017-10-31 00:00:00.000',	CURRENT_TIMESTAMP,	'JAISON',	'SYSTEM'),
(3,	37,	28,	'2017-05-01 00:00:00.000',	'2017-10-31 00:00:00.000',	CURRENT_TIMESTAMP,	'JAISON',	'SYSTEM'),
(3,	38,	15,	'2017-05-01 00:00:00.000',	'2017-10-31 00:00:00.000',	CURRENT_TIMESTAMP,	'JAISON',	'SYSTEM'),
(3,	39,	15,	'2017-05-01 00:00:00.000',	'2017-10-31 00:00:00.000',	CURRENT_TIMESTAMP,	'JAISON',	'SYSTEM'),
(3,	40,	35,	'2017-05-01 00:00:00.000',	'2017-10-31 00:00:00.000',	CURRENT_TIMESTAMP,	'JAISON',	'SYSTEM'),
(3,	41,	35,	'2017-05-01 00:00:00.000',	'2017-10-31 00:00:00.000',	CURRENT_TIMESTAMP,	'JAISON',	'SYSTEM'),
(3,	42,	28,	'2017-05-01 00:00:00.000',	'2017-10-31 00:00:00.000',	CURRENT_TIMESTAMP,	'JAISON',	'SYSTEM');
-- SELECT * FROM CATALOGO_CANJE;

INSERT INTO HISTORIAL_COMPRA
(id_cliente_historial, ID_PRODUCTO_HISTORIAL, ID_CATEGORIA_HISTORIAL, IMPORTE_COMPRA, 
 FECHA_COMPRA, fecha_grabacion, usuario_grabacion, ventana_grabacion)
VALUES
(1,	1,	1,	20000.0000,	'2017-10-10 02:15:06.587',	CURRENT_TIMESTAMP,	'JAISON',	'SYSTEM'),
(1,	5,	15,	38230.2000,	'2017-10-06 23:19:37.963',	CURRENT_TIMESTAMP,	'JAISON',	'SYSTEM'),
(1,	32,	35,	339856.4000,	'2017-10-06 23:19:37.963',	CURRENT_TIMESTAMP,	'JAISON',	'SYSTEM'),
(1,	33, 28,	1002.5280,	'2017-10-06 23:19:37.963',	CURRENT_TIMESTAMP,	'JAISON',	'SYSTEM'),
(2,	33,	28,	751.8960,	'2017-10-06 23:19:37.963',	CURRENT_TIMESTAMP,	'JAISON',	'SYSTEM'),
(2,	34,	28,	1911.6000,	'2017-10-06 23:19:37.963',	CURRENT_TIMESTAMP,	'JAISON',	'SYSTEM'),
(2,	35,	28,	3823.2000,	'2017-10-06 23:19:37.963',	CURRENT_TIMESTAMP,	'JAISON',	'SYSTEM'),
(2,	36,	28,	1062.0000,	'2017-10-06 23:19:37.963',	CURRENT_TIMESTAMP,	'JAISON',	'SYSTEM'),
(2,	37,	28,	1062.0000,	'2017-10-06 23:19:37.963',	CURRENT_TIMESTAMP,	'JAISON',	'SYSTEM'),
(2,	128,	24,	758.9760,	'2017-10-06 23:19:37.963',	CURRENT_TIMESTAMP,	'JAISON',	'SYSTEM'),
(2,	138,	22,	62760.0000,	'2017-10-06 23:19:37.963',	CURRENT_TIMESTAMP,	'JAISON',	'SYSTEM'),
(2,	144,	35,	2293.9200,	'2017-10-06 23:19:37.963',	CURRENT_TIMESTAMP,	'JAISON',	'SYSTEM'),
(3,	3,	15,	152.9280,	'2017-10-06 23:19:37.963',	CURRENT_TIMESTAMP,	'JAISON',	'SYSTEM'),
(3,	33,	28,	250.6320,	'2017-10-06 23:19:37.963',	CURRENT_TIMESTAMP,	'JAISON',	'SYSTEM'),
(3,	37, 28,	1062.0000,	'2017-10-06 23:19:37.963',	CURRENT_TIMESTAMP,	'JAISON',	'SYSTEM'),
(3,	38,	15,	254.8800,	'2017-10-06 23:19:37.963',	CURRENT_TIMESTAMP,	'JAISON',	'SYSTEM'),
(3,	39,	15,	265.0752,	'2017-10-06 23:19:37.963',	CURRENT_TIMESTAMP,	'JAISON',	'SYSTEM'),
(3,	40,	35,	229.3920,	'2017-10-06 23:19:37.963',	CURRENT_TIMESTAMP,	'JAISON',	'SYSTEM'),
(3,	41,	35,	191.1600,	'2017-10-06 23:19:37.963',	CURRENT_TIMESTAMP,	'JAISON',	'SYSTEM'),
(3,	42,	28,	1274.4000,	'2017-10-06 23:19:37.963',	CURRENT_TIMESTAMP,	'JAISON',	'SYSTEM'),
(3,	62,	28,	1699.2000,	'2017-10-06 23:19:37.963',	CURRENT_TIMESTAMP,	'JAISON',	'SYSTEM'),
(3,	73,	29,	10.6200,	'2017-10-06 23:19:37.963',	CURRENT_TIMESTAMP,	'JAISON',	'SYSTEM'),
(3,	166,	15,	33.9840,		'2017-10-06 23:19:37.963',	CURRENT_TIMESTAMP,	'JAISON',	'SYSTEM'),
(4,	46,	13,	518.4000,	'2017-10-06 23:19:37.963',	CURRENT_TIMESTAMP,	'JAISON',	'SYSTEM'),
(4,	47,	13,	846.0000,	'2017-10-06 23:19:37.963',	CURRENT_TIMESTAMP,	'JAISON',	'SYSTEM'),
(4,	143,	35,	101.9520,	'2017-10-06 23:19:37.963',	CURRENT_TIMESTAMP,	'JAISON',	'SYSTEM'),
(5,	17,	5,	9409.3200,	'2017-10-06 23:19:37.963',	CURRENT_TIMESTAMP,	'JAISON',	'SYSTEM'),
(5,	95,	2,	3800.0000,	'2017-10-06 23:19:37.963',	CURRENT_TIMESTAMP,	'JAISON',	'SYSTEM'),
(6,	34,	28,	20254.2000,	'2017-10-06 23:19:37.963',	CURRENT_TIMESTAMP,	'JAISON',	'SYSTEM'),
(6,	43,	28,	10500.8000,	'2017-10-06 23:19:37.963',	CURRENT_TIMESTAMP,	'JAISON',	'SYSTEM'),
(6,	63,	28,	1699.2000,	'2017-10-06 23:19:37.963',	CURRENT_TIMESTAMP,	'JAISON',	'SYSTEM'),
(6,	158,	24,	1202.9700,	'2017-10-06 23:19:37.963',	CURRENT_TIMESTAMP,	'JAISON',	'SYSTEM'),
(6,	160,	24,	618.6680,	'2017-10-06 23:19:37.963',	CURRENT_TIMESTAMP,	'JAISON',	'SYSTEM'),
(7,	72,	29,	4774.7520,	'2017-10-06 23:19:37.963',	CURRENT_TIMESTAMP,	'JAISON',	'SYSTEM'),
(7,	77,	24,	25000.4960,	'2017-10-06 23:19:37.963',	CURRENT_TIMESTAMP,	'JAISON',	'SYSTEM'),
(7,	95,	2,	6200.0000,	'2017-10-06 23:19:37.963',	CURRENT_TIMESTAMP,	'JAISON',	'SYSTEM'),
(7,	101,	22,	49984.6648,	'2017-10-06 23:19:37.963',	CURRENT_TIMESTAMP,	'JAISON',	'SYSTEM'),
(8,	44,	13,	115473.6000,	'2017-10-06 23:19:37.963',	CURRENT_TIMESTAMP,	'JAISON',	'SYSTEM'),
(8,	55,	12,	4548.9600,	'2017-10-06 23:19:37.963',	CURRENT_TIMESTAMP,	'JAISON',	'SYSTEM'),
(8,	72,	29,	297.3600,	'2017-10-06 23:19:37.963',	CURRENT_TIMESTAMP,	'JAISON',	'SYSTEM'),
(8,	92,	2,	800.0000,	'2017-10-06 23:19:37.963',	CURRENT_TIMESTAMP,	'JAISON',	'SYSTEM'),
(8,	95,	2,	1000.0000,	'2017-10-06 23:19:37.963',	CURRENT_TIMESTAMP,	'JAISON',	'SYSTEM'),
(9,	33,	28,	1002.5280,	'2017-10-06 23:19:37.963',	CURRENT_TIMESTAMP,	'JAISON',	'SYSTEM'),
(9,	123,	22,	324.0000,	'2017-10-06 23:19:37.963',	CURRENT_TIMESTAMP,	'JAISON',	'SYSTEM');
-- SELECT * FROM HISTORIAL_COMPRA;

INSERT INTO INFOCORP
(ID, ENTIDAD_FINANCIERA, IMPORTE_DEUDA, CALIFICACION_SBS, 
 fecha_grabacion, usuario_grabacion, ventana_grabacion )
VALUES
(1,	'BANCO CONTINENTAL BBVA',	0.0000,	0	, CURRENT_TIMESTAMP,	'JAISON',	'SYSTEM'),
(2,	'BANCO DE CREDITO DEL PERU',	0.0000,	0	, CURRENT_TIMESTAMP,	'JAISON',	'SYSTEM'),
(3,	'SUNAT',	0.0000,	0	, CURRENT_TIMESTAMP,	'JAISON',	'SYSTEM'),
(4,	'EQUIFAX',	0.0000,	0	, CURRENT_TIMESTAMP,	'JAISON',	'SYSTEM'),
(5,	'SUPERMERCADOS METRO',	0.0000,	0	, CURRENT_TIMESTAMP,	'JAISON',	'SYSTEM'),
(6,	'BANCO FALABELLA',	0.0000,	0	, CURRENT_TIMESTAMP,	'JAISON',	'SYSTEM'),
(7,	'INTERBANK',	0.0000,	0	, CURRENT_TIMESTAMP,	'JAISON',	'SYSTEM'),
(8,	'BANCO RIPLEY',	0.0000,	0	, CURRENT_TIMESTAMP,	'JAISON',	'SYSTEM'),
(9,	'BANCO CENCOSUD',	0.0000,	0	, CURRENT_TIMESTAMP,	'JAISON',	'SYSTEM'),
(10,	'BANBIF',	0.0000,	0	, CURRENT_TIMESTAMP,	'JAISON',	'SYSTEM'),
(11,	'XXXXXX',	30000.0000,	2	, CURRENT_TIMESTAMP,	'JAISON',	'SYSTEM'),
(12,	'SCOTIABANK',	2590.0000,	3	, CURRENT_TIMESTAMP,	'JAISON',	'SYSTEM'),
(13,	'BANCO CENCOSUD',	1500.0000,	3	, CURRENT_TIMESTAMP,	'JAISON',	'SYSTEM'),
(14,	'BANBIF',	2560.0000,	4	, CURRENT_TIMESTAMP,	'JAISON',	'SYSTEM'),
(15,	'PLAZA VEA',	3254.1250,	1	, CURRENT_TIMESTAMP,	'JAISON',	'SYSTEM'),
(16,	'CAJA AREQUIPA',	500.1470,	3	, CURRENT_TIMESTAMP,	'JAISON',	'SYSTEM'),
(17,	'CURACAO',	3000.6500,	2	, CURRENT_TIMESTAMP,	'JAISON',	'SYSTEM'),
(18,	'CARSA',	1450.0000,	2	, CURRENT_TIMESTAMP,	'JAISON',	'SYSTEM'),
(19,	'HARLEY DAVIDSON',	20000.0000,	3	, CURRENT_TIMESTAMP,	'JAISON',	'SYSTEM');
-- SELECT * FROM INFOCORP;

INSERT INTO SOLICITUD_AFILIACION
(ID, ESTADO_SOLICITUD, FECHA_SOLICITUD, CODIGO_SOLICITANTE, 
 NOMBRE_SOLICITANTE, PATERNO_SOLICITANTE, MATERNO_SOLICITANTE, TIPO_IDENTIDAD, 
 NUMERO_IDENTIDAD, EMAIL_SOLICITANTE, TELEFONO_SOLICITANTE, fecha_grabacion, usuario_grabacion, ventana_grabacion)
VALUES
(1,	'ATENDIDO',	'2017-08-01 00:00:00.000',	'45263253',	'CARLOS ENRIQUE',	'ROSADO',	'ESPINOZA',	'DNI',	'45263253',	'CROSADO@SUPERMERCADOSPERUANOS.COM.PE',	'957423687',	CURRENT_TIMESTAMP	,'JAISON',	'SYSTEM'),
(2,	'ATENDIDO',	'2017-08-01 00:00:00.000',	'32565421',	'FELIPE MARTIN',	'GUARDIA',	'BASUALDO',	'DNI',	'32565421',	'FGUARDIA@SUPERMERCADOSPERUANOS.COM.PE',	'965874489',	CURRENT_TIMESTAMP,	'JAISON',	'SYSTEM'),
(3,	'ATENDIDO',	'2017-08-01 00:00:00.000',	'40762144',	'ALBERTO LUIS',	'BORDA',	'DIAZ',	'DNI',	'40762144',	'ABORDA@SUPERMERCADOSPERUANOS.COM.PE',	'996325874'	,CURRENT_TIMESTAMP,	'JAISON',	'SYSTEM'),
(4,	'ATENDIDO',	'2017-08-01 00:00:00.000',	'41258534',	'CESAR JOEL',	'RODRIGUEZ',	'ALVARADO',	'DNI',	'41258534',	'CRODRIGUEZ@SUPERMERCADOSPERUANOS.COM.PE',	'965874136'	,CURRENT_TIMESTAMP,	'JAISON',	'SYSTEM'),
(5,	'ATENDIDO',	'2017-08-01 00:00:00.000',	'42613057',	'JOSE LUIS',	'DIESTRA',	'ALEGRIA',	'DNI',	'42613057',	'JDIESTRA@SUPERMERCADOSPERUANOS.COM.PE',	'989657410'	,CURRENT_TIMESTAMP,	'JAISON',	'SYSTEM'),
(6,	'ATENDIDO',	'2017-08-01 00:00:00.000',	'42664506',	'DIANA',	'REYES',	'CALAGUA',	'DNI',	'42664506',	'DREYES@SUPERMERCADOSPERUANOS.COM.PE',	'978563100'	,CURRENT_TIMESTAMP,	'JAISON',	'SYSTEM'),
(7,	'ATENDIDO',	'2017-08-01 00:00:00.000',	'42678450',	'PEDRO',	'NUÑEZ',	'DAVILA',	'DNI',	'42678450',	'PDAVILA@SUPERMERCADOSPERUANOS.COM.PE',	'990857423'	,CURRENT_TIMESTAMP,	'JAISON',	'SYSTEM'),
(8,	'ATENDIDO',	'2017-08-01 00:00:00.000',	'43648075',	'NELLY',	'RIOS',	'CELIS',	'DNI',	'43648075',	'NRIOS@SUPERMERCADOSPERUANOS.COM.PE',	'962147866'	,CURRENT_TIMESTAMP,	'JAISON',	'SYSTEM'),
(9,	'ATENDIDO',	'2017-08-01 00:00:00.000',	'43983153',	'JOSE DAVID',	'SALCEDO',	'ALFARO',	'DNI',	'43983153',	'JSALCEDO@SUPERMERCADOSPERUANOS.COM.PE',	'986745823'	,CURRENT_TIMESTAMP,	'JAISON',	'SYSTEM'),
(10,	'ATENDIDO',	'2017-08-01 00:00:00.000',	'44281124',	'CLAUDIO',	'CUTIPA',	'FLORES',	'DNI',	'44281124',	'CCUTIPA@SUPERMERCADOSPERUANOS.COM.PE',	'957821578'	,CURRENT_TIMESTAMP,	'JAISON',	'SYSTEM'),
(11,	'ACTIVO',	'2017-08-01 00:00:00.000',	'99999999',	'',	'GENERICO','',		'DNI',	'99999999',	'GENERICO@SUPERMERCADOSPERUANOS.COM.PE','',CURRENT_TIMESTAMP,	'JAISON',	'SYSTEM'),
(12,	'ACTIVO',	'2017-09-20 00:00:00.000',	'52874565',	'CAROLA',	'ZAPATA',	'FLORES',	'DNI',	'52874565','CZAPATA@GMAIL.COM',	'987521478'	,CURRENT_TIMESTAMP,	'JAISON',	'SYSTEM'),
(13,	'ACTIVO',	'2017-09-21 00:00:00.000',	'45874123',	'MITCHAEL',	'HARO',	'HERRERA',	'DNI',	'45874123',	'MHARO@HOTMAIL.COM',	'965874563'	,CURRENT_TIMESTAMP,	'JAISON',	'SYSTEM');
-- SELECT * FROM SOLICITUD_AFILIACION;

INSERT INTO STOCK_CANJE
(id_stock_producto,ID_STOCK_CATEGORIA, STOCK, FECHA_REGISTRO, 
 fecha_grabacion, usuario_grabacion, ventana_grabacion )
VALUES
(1,	1,	300.0000,	'2017-10-06 21:53:40.267',	CURRENT_TIMESTAMP,	'JAISON',	'SYSTEM'),
(2,	2,	20.0000,	'2017-10-06 21:53:40.267',	CURRENT_TIMESTAMP,	'JAISON',	'SYSTEM'),
(3,	15,	3752.0000,	'2017-10-06 21:53:40.267',	CURRENT_TIMESTAMP,	'JAISON',	'SYSTEM'),
(4,	15,	5125.0000,	'2017-10-06 21:53:40.267',	CURRENT_TIMESTAMP,	'JAISON',	'SYSTEM'),
(5,	15,	2773.0000,	'2017-10-06 21:53:40.267',	CURRENT_TIMESTAMP,	'JAISON',	'SYSTEM'),
(6,	5,	4555.0000,	'2017-10-06 21:53:40.267',	CURRENT_TIMESTAMP,	'JAISON',	'SYSTEM'),
(7,	15,	965.0000,	'2017-10-06 21:53:40.267',	CURRENT_TIMESTAMP,	'JAISON',	'SYSTEM'),
(8,	25,	2663.0000,	'2017-10-06 21:53:40.267',	CURRENT_TIMESTAMP,	'JAISON',	'SYSTEM'),
(10,	15,	6465.0000,	'2017-10-06 21:53:40.267',	CURRENT_TIMESTAMP,	'JAISON',	'SYSTEM'),
(12,	17,	8439.0000,	'2017-10-06 21:53:40.267',	CURRENT_TIMESTAMP,	'JAISON',	'SYSTEM'),
(13,	17,	8986.0000,	'2017-10-06 21:53:40.267',	CURRENT_TIMESTAMP,	'JAISON',	'SYSTEM'),
(14,	17,	996.0000,	'2017-10-06 21:53:40.267',	CURRENT_TIMESTAMP,	'JAISON',	'SYSTEM'),
(15,	17,	5706.0000,	'2017-10-06 21:53:40.267',	CURRENT_TIMESTAMP,	'JAISON',	'SYSTEM'),
(16,	15,	2535.0000,	'2017-10-06 21:53:40.267',	CURRENT_TIMESTAMP,	'JAISON',	'SYSTEM'),
(17,	5,	5430.0000,	'2017-10-06 21:53:40.267',	CURRENT_TIMESTAMP,	'JAISON',	'SYSTEM'),
(18,	5,	6466.0000,	'2017-10-06 21:53:40.267',	CURRENT_TIMESTAMP,	'JAISON',	'SYSTEM'),
(32,	35,	4467.0000,	'2017-10-06 21:53:40.267',	CURRENT_TIMESTAMP,	'JAISON',	'SYSTEM'),
(33,	28,	4000.0000,	'2017-10-06 21:53:40.267',	CURRENT_TIMESTAMP,	'JAISON',	'SYSTEM'),
(34,	28,	5024.0000,	'2017-10-06 21:53:40.267',	CURRENT_TIMESTAMP,	'JAISON',	'SYSTEM'),
(35,	28,	4632.0000,	'2017-10-06 21:53:40.267',	CURRENT_TIMESTAMP,	'JAISON',	'SYSTEM'),
(36,	28,	6000.0000,	'2017-10-06 21:53:40.267',	CURRENT_TIMESTAMP,	'JAISON',	'SYSTEM'),
(37,	28,	3500.0000,	'2017-10-06 21:53:40.267',	CURRENT_TIMESTAMP,	'JAISON',	'SYSTEM'),
(38,	15,	2803.0000,	'2017-10-06 21:53:40.267',	CURRENT_TIMESTAMP,	'JAISON',	'SYSTEM'),
(39,	15,	4852.0000,	'2017-10-06 21:53:40.267',	CURRENT_TIMESTAMP,	'JAISON',	'SYSTEM'),
(40,	35,	5572.0000,	'2017-10-06 21:53:40.267',	CURRENT_TIMESTAMP,	'JAISON',	'SYSTEM'),
(41,	35,	7380.0000,	'2017-10-06 21:53:40.267',	CURRENT_TIMESTAMP,	'JAISON',	'SYSTEM'),
(42,	28,	4000.0000,	'2017-10-06 21:53:40.267',	CURRENT_TIMESTAMP,	'JAISON',	'SYSTEM'),
(43,	28,	4000.0000,	'2017-10-06 21:53:40.267',	CURRENT_TIMESTAMP,	'JAISON',	'SYSTEM'),
(44,	13,	4800.0000,	'2017-10-06 21:53:40.267',	CURRENT_TIMESTAMP,	'JAISON',	'SYSTEM'),
(45,	13,	5720.0000,	'2017-10-06 21:53:40.267',	CURRENT_TIMESTAMP,	'JAISON',	'SYSTEM'),
(46,	13,	6020.0000,	'2017-10-06 21:53:40.267',	CURRENT_TIMESTAMP,	'JAISON',	'SYSTEM'),
(47,	13,	6150.0000,	'2017-10-06 21:53:40.267',	CURRENT_TIMESTAMP,	'JAISON',	'SYSTEM'),
(48,	13,	6960.0000,	'2017-10-06 21:53:40.267',	CURRENT_TIMESTAMP,	'JAISON',	'SYSTEM'),
(49,	13,	6500.0000,	'2017-10-06 21:53:40.267',	CURRENT_TIMESTAMP,	'JAISON',	'SYSTEM'),
(50,	12,	7000.0000,	'2017-10-06 21:53:40.267',	CURRENT_TIMESTAMP,	'JAISON',	'SYSTEM'),
(51,	12,	6320.0000,	'2017-10-06 21:53:40.267',	CURRENT_TIMESTAMP,	'JAISON',	'SYSTEM'),
(52,	12,	6840.0000,	'2017-10-06 21:53:40.267',	CURRENT_TIMESTAMP,	'JAISON',	'SYSTEM'),
(53,	12,	7000.0000,	'2017-10-06 21:53:40.267',	CURRENT_TIMESTAMP,	'JAISON',	'SYSTEM'),
(54,	12,	3500.0000,	'2017-10-06 21:53:40.267',	CURRENT_TIMESTAMP,	'JAISON',	'SYSTEM'),
(55,	12,	2500.0000,	'2017-10-06 21:53:40.267',	CURRENT_TIMESTAMP,	'JAISON',	'SYSTEM'),
(62,	28,	6000.0000,	'2017-10-06 21:53:40.267',	CURRENT_TIMESTAMP,	'JAISON',	'SYSTEM'),
(63,	28,	6000.0000,	'2017-10-06 21:53:40.267',	CURRENT_TIMESTAMP,	'JAISON',	'SYSTEM'),
(72,	29,	8282.0000,	'2017-10-06 21:53:40.267',	CURRENT_TIMESTAMP,	'JAISON',	'SYSTEM'),
(73,	29,	4330.0000,	'2017-10-06 21:53:40.267',	CURRENT_TIMESTAMP,	'JAISON',	'SYSTEM'),
(74,	29,	5107.0000,	'2017-10-06 21:53:40.267',	CURRENT_TIMESTAMP,	'JAISON',	'SYSTEM'),
(75,	29,	5010.0000,	'2017-10-06 21:53:40.267',	CURRENT_TIMESTAMP,	'JAISON',	'SYSTEM'),
(76,	29,	500.0000,	'2017-10-06 21:53:40.267',	CURRENT_TIMESTAMP,	'JAISON',	'SYSTEM'),
(77,	24,	5400.0000,	'2017-10-06 21:53:40.267',	CURRENT_TIMESTAMP,	'JAISON',	'SYSTEM'),
(78,	24,	4900.0000,	'2017-10-06 21:53:40.267',	CURRENT_TIMESTAMP,	'JAISON',	'SYSTEM'),
(79,	24,	4400.0000,	'2017-10-06 21:53:40.267',	CURRENT_TIMESTAMP,	'JAISON',	'SYSTEM'),
(80,	24,	500.0000,	'2017-10-06 21:53:40.267',	CURRENT_TIMESTAMP,	'JAISON',	'SYSTEM'),
(92,	2,	10.0000,	'2017-10-06 21:53:40.267',	CURRENT_TIMESTAMP,	'JAISON',	'SYSTEM'),
(93,	2,	5.0000,	'2017-10-06 21:53:40.267',	CURRENT_TIMESTAMP,	'JAISON',	'SYSTEM'),
(94,	2,	20.0000,	'2017-10-06 21:53:40.267',	CURRENT_TIMESTAMP,	'JAISON',	'SYSTEM'),
(95,	2,	7.0000,	'2017-10-06 21:53:40.267',	CURRENT_TIMESTAMP,	'JAISON',	'SYSTEM'),
(96,	2,	0.0000,	'2017-10-06 21:53:40.267',	CURRENT_TIMESTAMP,	'JAISON',	'SYSTEM'),
(97,	22,	4878.0000,	'2017-10-06 21:53:40.267',	CURRENT_TIMESTAMP,	'JAISON',	'SYSTEM'),
(98,	22,	5415.0000,	'2017-10-06 21:53:40.267',	CURRENT_TIMESTAMP,	'JAISON',	'SYSTEM'),
(99,	22,	3810.0000,	'2017-10-06 21:53:40.267',	CURRENT_TIMESTAMP,	'JAISON',	'SYSTEM'),
(100,	22,	5291.0000,	'2017-10-06 21:53:40.267',	CURRENT_TIMESTAMP,	'JAISON',	'SYSTEM'),
(101,	22,	8771.0000,	'2017-10-06 21:53:40.267',	CURRENT_TIMESTAMP,	'JAISON',	'SYSTEM'),
(119,	22,	9028.0000,	'2017-10-06 21:53:40.267',	CURRENT_TIMESTAMP,	'JAISON',	'SYSTEM'),
(120,	22,	8026.0000,	'2017-10-06 21:53:40.267',	CURRENT_TIMESTAMP,	'JAISON',	'SYSTEM'),
(121,	22,	4053.0000,	'2017-10-06 21:53:40.267',	CURRENT_TIMESTAMP,	'JAISON',	'SYSTEM'),
(122,	22,	2000.0000,	'2017-10-06 21:53:40.267',	CURRENT_TIMESTAMP,	'JAISON',	'SYSTEM'),
(123,	22,	5356.0000,	'2017-10-06 21:53:40.267',	CURRENT_TIMESTAMP,	'JAISON',	'SYSTEM'),
(127,	24,	7066.0000,	'2017-10-06 21:53:40.267',	CURRENT_TIMESTAMP,	'JAISON',	'SYSTEM'),
(128,	24,	7143.0000,	'2017-10-06 21:53:40.267',	CURRENT_TIMESTAMP,	'JAISON',	'SYSTEM'),
(129,	24,	6000.0000,	'2017-10-06 21:53:40.267',	CURRENT_TIMESTAMP,	'JAISON',	'SYSTEM'),
(130,	24,	6000.0000,	'2017-10-06 21:53:40.267',	CURRENT_TIMESTAMP,	'JAISON',	'SYSTEM'),
(137,	22,	500.0000,	'2017-10-06 21:53:40.267',	CURRENT_TIMESTAMP,	'JAISON',	'SYSTEM'),
(138,	22,	5500.0000,	'2017-10-06 21:53:40.267',	CURRENT_TIMESTAMP,	'JAISON',	'SYSTEM'),
(139,	22,	5500.0000,	'2017-10-06 21:53:40.267',	CURRENT_TIMESTAMP,	'JAISON',	'SYSTEM'),
(140,	22,	6500.0000,	'2017-10-06 21:53:40.267',	CURRENT_TIMESTAMP,	'JAISON',	'SYSTEM'),
(141,	22,	5000.0000,	'2017-10-06 21:53:40.267',	CURRENT_TIMESTAMP,	'JAISON',	'SYSTEM'),
(142,	35,	3800.0000,	'2017-10-06 21:53:40.267',	CURRENT_TIMESTAMP,	'JAISON',	'SYSTEM'),
(143,	35,	6000.0000,	'2017-10-06 21:53:40.267',	CURRENT_TIMESTAMP,	'JAISON',	'SYSTEM'),
(144,	35,	5200.0000,	'2017-10-06 21:53:40.267',	CURRENT_TIMESTAMP,	'JAISON',	'SYSTEM'),
(156,	24,	5685.0000,	'2017-10-06 21:53:40.267',	CURRENT_TIMESTAMP,	'JAISON',	'SYSTEM'),
(157,	24,	8552.0000,	'2017-10-06 21:53:40.267',	CURRENT_TIMESTAMP,	'JAISON',	'SYSTEM'),
(158,	24,	7048.0000,	'2017-10-06 21:53:40.267',	CURRENT_TIMESTAMP,	'JAISON',	'SYSTEM'),
(159,	24,	5047.0000,	'2017-10-06 21:53:40.267',	CURRENT_TIMESTAMP,	'JAISON',	'SYSTEM'),
(160,	24,	5541.0000,	'2017-10-06 21:53:40.267',	CURRENT_TIMESTAMP,	'JAISON',	'SYSTEM'),
(161,	24,	6026.0000,	'2017-10-06 21:53:40.267',	CURRENT_TIMESTAMP,	'JAISON',	'SYSTEM'),
(162,	24,	7036.0000,	'2017-10-06 21:53:40.267',	CURRENT_TIMESTAMP,	'JAISON',	'SYSTEM'),
(163,	24,	5238.0000,	'2017-10-06 21:53:40.267',	CURRENT_TIMESTAMP,	'JAISON',	'SYSTEM'),
(164,	24,	3802.0000,	'2017-10-06 21:53:40.267',	CURRENT_TIMESTAMP,	'JAISON',	'SYSTEM'),
(166,	15,	7877.0000,	'2017-10-06 21:53:40.267',	CURRENT_TIMESTAMP,	'JAISON',	'SYSTEM'),
(167,	3,	6949.0000,	'2017-10-06 21:53:40.267',	CURRENT_TIMESTAMP,	'JAISON',	'SYSTEM'),
(168,	3,	5612.0000,	'2017-10-06 21:53:40.267',	CURRENT_TIMESTAMP,	'JAISON',	'SYSTEM'),
(169,	3,	0.0000,	'2017-10-06 21:53:40.267',	CURRENT_TIMESTAMP,	'JAISON',	'SYSTEM'),
(173,	5,	3000.0000,	'2017-10-06 21:53:40.267',	CURRENT_TIMESTAMP,	'JAISON',	'SYSTEM'),
(174,	5,	4000.0000,	'2017-10-06 21:53:40.267',	CURRENT_TIMESTAMP,	'JAISON',	'SYSTEM'),
(177,	8,	3610.0000,	'2017-10-06 21:53:40.267',	CURRENT_TIMESTAMP,	'JAISON',	'SYSTEM'),
(178,	8,	2635.0000,	'2017-10-06 21:53:40.267',	CURRENT_TIMESTAMP,	'JAISON',	'SYSTEM'),
(179,	8,	7060.0000,	'2017-10-06 21:53:40.267',	CURRENT_TIMESTAMP,	'JAISON',	'SYSTEM'),
(180,	8,	6500.0000,	'2017-10-06 21:53:40.267',	CURRENT_TIMESTAMP,	'JAISON',	'SYSTEM'),
(181,	8,	7500.0000,	'2017-10-06 21:53:40.267',	CURRENT_TIMESTAMP,	'JAISON',	'SYSTEM'),
(182,	8,	6147.0000,	'2017-10-06 21:53:40.267',	CURRENT_TIMESTAMP,	'JAISON',	'SYSTEM'),
(187,	17,	7415.0000,	'2017-10-06 21:53:40.267',	CURRENT_TIMESTAMP,	'JAISON',	'SYSTEM'),
(188,	17,	4055.0000,	'2017-10-06 21:53:40.267',	CURRENT_TIMESTAMP,	'JAISON',	'SYSTEM'),
(193,	25,	585.0000,	'2017-10-06 21:53:40.267',	CURRENT_TIMESTAMP,	'JAISON',	'SYSTEM'),
(194,	28,	587.0000,	'2017-10-06 21:53:40.267',	CURRENT_TIMESTAMP,	'JAISON',	'SYSTEM'),
(195,	28,	3432.0000,	'2017-10-06 21:53:40.267',	CURRENT_TIMESTAMP,	'JAISON',	'SYSTEM'),
(196,	28,	4146.0000,	'2017-10-06 21:53:40.267',	CURRENT_TIMESTAMP,	'JAISON',	'SYSTEM'),
(197,	28,	6533.0000,	'2017-10-06 21:53:40.267',	CURRENT_TIMESTAMP,	'JAISON',	'SYSTEM'),
(198,	28,	2500.0000,	'2017-10-06 21:53:40.267',	CURRENT_TIMESTAMP,	'JAISON',	'SYSTEM');
-- SELECT * FROM STOCK_CANJE;

INSERT INTO TARJETAOH
(ID, ID_TARJETA_CLIENTE, TIPO_TARJETA, NUMERO_TARJETA, 
 BIN_TARJETA, fecha_grabacion, usuario_grabacion, ventana_grabacion )
VALUES
(1,	1,	'GOLD OH',	2547854114785232,	'1110',	CURRENT_TIMESTAMP,	'JAISON',	'SYSTEM'),
(2,	1,	'PLATINUM OH',	2541654785693214,	'1520',	CURRENT_TIMESTAMP,	'JAISON',	'SYSTEM');
-- SELECT * FROM TARJETAOH;

