IF NOT EXISTS(select * from sys.databases where name='BDFIDELIZACION')
	CREATE DATABASE BDFIDELIZACION
GO

USE BDFIDELIZACION
GO

----- TABLA CLIENTE

IF (EXISTS (SELECT * 
                 FROM INFORMATION_SCHEMA.TABLES 
                 WHERE TABLE_SCHEMA = 'dbo' 
                 AND  TABLE_NAME = 'CLIENTE'))
	BEGIN
		DROP TABLE CLIENTE;
	END
ELSE
    BEGIN
		CREATE TABLE [dbo].[CLIENTE](
	[COD_CLIE] Integer NOT NULL,
	[NOM_CLIE] Varchar(50) NULL,
	[APE_PATE_CLIE] Varchar(50) NULL,
	[APE_MATE_CLIE] Varchar(50) NULL,
	[TIP_DOCU_IDEN] Varchar(03) NULL,
	[NUM_DOCU_IDEN] Varchar(10) NULL,
	[FEC_NACI] Datetime NULL,
	[SEX_CLIE] VARCHAR(01) NULL,
	[EMA_CLIE] VARCHAR(50) NULL,
	[DIR_CLIE] VARCHAR(100) NULL,
	[TEL_FIJO_CLIE] VARCHAR(20) NULL,
	[TEL_MOVI_CLIE] VARCHAR(20) NULL,
	[SIT_LABO_CLIE] VARCHAR(20) NULL,
	[EST_CLIE] VARCHAR(20) NULL,
	[IND_TARJ] VARCHAR(01) NULL DEFAULT ('N'),
	[IND_TARJ_VCLU] VARCHAR(01) NULL DEFAULT ('N'),
	[COD_USUA_CREA] VARCHAR(08) NOT NULL DEFAULT (substring(upper(suser_sname()),(1),(8))),
	[FEC_USUA_CREA] DATETIME NOT NULL DEFAULT (getdate()),
	[COD_USUA_MODI] VARCHAR(08) NOT NULL DEFAULT (substring(upper(suser_sname()),(1),(8))),
	[FEC_USUA_MODI] DATETIME NOT NULL DEFAULT (getdate())
CONSTRAINT [XPKCLIENTE] PRIMARY KEY CLUSTERED 
(
	[COD_CLIE] ASC
)WITH (PAD_INDEX = OFF, STATISTICS_NORECOMPUTE = OFF, IGNORE_DUP_KEY = OFF, ALLOW_ROW_LOCKS = ON, ALLOW_PAGE_LOCKS = ON) ON [PRIMARY]
) ON [PRIMARY]

SET ANSI_PADDING OFF

ALTER TABLE [dbo].[CLIENTE]  WITH CHECK ADD CHECK  (([IND_TARJ]='N' OR [IND_TARJ]='S'))

ALTER TABLE [dbo].[CLIENTE]  WITH CHECK ADD CHECK  (([IND_TARJ]='N' OR [IND_TARJ]='S'))

	END

----- TABLA INFOCORP

IF (EXISTS (SELECT * 
                 FROM INFORMATION_SCHEMA.TABLES 
                 WHERE TABLE_SCHEMA = 'dbo' 
                 AND  TABLE_NAME = 'INFOCORP'))
	BEGIN
		DROP TABLE INFOCORP;
	END
ELSE
    BEGIN

	CREATE TABLE [dbo].[INFOCORP](
	[COD_CLIE_INFO] Integer NOT NULL,
	[ENT_FINA_INFO] Varchar(50) NULL,
	[IMP_MONT_INFO] NUMERIC(16,4) NULL,
	[CAL_SBSS_INFO] CHAR(2) NULL,
	[COD_USUA_CREA] VARCHAR(08) NOT NULL DEFAULT (substring(upper(suser_sname()),(1),(8))),
	[FEC_USUA_CREA] DATETIME NOT NULL DEFAULT (getdate()),
	[COD_USUA_MODI] VARCHAR(08) NOT NULL DEFAULT (substring(upper(suser_sname()),(1),(8))),
	[FEC_USUA_MODI] DATETIME NOT NULL DEFAULT (getdate())
CONSTRAINT [XPKINFOCORP] PRIMARY KEY CLUSTERED 
(
	[COD_CLIE_INFO] ASC
)WITH (PAD_INDEX = OFF, STATISTICS_NORECOMPUTE = OFF, IGNORE_DUP_KEY = OFF, ALLOW_ROW_LOCKS = ON, ALLOW_PAGE_LOCKS = ON) ON [PRIMARY]
) ON [PRIMARY]

SET ANSI_PADDING OFF

	END	
	
-- TABLA SOLICITUD_AFILIACION

IF (EXISTS (SELECT * 
                 FROM INFORMATION_SCHEMA.TABLES 
                 WHERE TABLE_SCHEMA = 'dbo' 
                 AND  TABLE_NAME = 'SOLICITUD_AFILIACION'))
	BEGIN
		DROP TABLE SOLICITUD_AFILIACION;
	END
ELSE
    BEGIN

	CREATE TABLE [dbo].[SOLICITUD_AFILIACION](
	[COD_SOLI_AFIL] Integer NOT NULL,
	[EST_SOLI_AFIL] Varchar(20) NULL,
	[FEC_SOLI_AFIL] Datetime NULL,
	[COD_CODI_SOLI] Varchar(10) NOT NULL,
	[NOM_CLIE_SOLI] Varchar(50) NULL,
	[APE_PATE_CLIE] Varchar(50) NULL,
	[APE_MATE_CLIE] Varchar(50) NULL,
	[TIP_DOCU_IDEN] Varchar(03) NULL,
	[NUM_DOCU_IDEN] Varchar(10) NULL,
	[EMA_CLIE] VARCHAR(50) NULL,
	[TEL_MOVI_CLIE] VARCHAR(20) NULL,
	[COD_USUA_CREA] VARCHAR(08) NOT NULL DEFAULT (substring(upper(suser_sname()),(1),(8))),
	[FEC_USUA_CREA] DATETIME NOT NULL DEFAULT (getdate()),
	[COD_USUA_MODI] VARCHAR(08) NOT NULL DEFAULT (substring(upper(suser_sname()),(1),(8))),
	[FEC_USUA_MODI] DATETIME NOT NULL DEFAULT (getdate())
CONSTRAINT [XPKSOLICITUD_AFILIACION] PRIMARY KEY CLUSTERED 
(
	[COD_SOLI_AFIL] ASC
)WITH (PAD_INDEX = OFF, STATISTICS_NORECOMPUTE = OFF, IGNORE_DUP_KEY = OFF, ALLOW_ROW_LOCKS = ON, ALLOW_PAGE_LOCKS = ON) ON [PRIMARY]
) ON [PRIMARY]

SET ANSI_PADDING OFF

	END
	
--	TABLA CALIFICACION_CLIENTE

IF (EXISTS (SELECT * 
                 FROM INFORMATION_SCHEMA.TABLES 
                 WHERE TABLE_SCHEMA = 'dbo' 
                 AND  TABLE_NAME = 'CALIFICACION_CLIENTE'))
	BEGIN
		DROP TABLE CALIFICACION_CLIENTE;
	END
ELSE
    BEGIN

	CREATE TABLE [dbo].[CALIFICACION_CLIENTE](
	[COD_CALI_CLIE] Integer NOT NULL,
	[COD_CLIE] Integer NOT NULL,
	[CAL_CRED] Varchar(20) NULL,
	[LIN_CRED] Numeric(16,4) NULL,
	[SUE_CLIE] Numeric(16,4) NULL,
	[OTR_INGR_CLIE] Numeric(16,4) NULL,
	[EST_CALI_CLIE] INTEGER NULL,
    [COD_USUA_CREA] VARCHAR(08) NOT NULL DEFAULT (substring(upper(suser_sname()),(1),(8))),
	[FEC_USUA_CREA] DATETIME NOT NULL DEFAULT (getdate()),
	[COD_USUA_MODI] VARCHAR(08) NOT NULL DEFAULT (substring(upper(suser_sname()),(1),(8))),
	[FEC_USUA_MODI] DATETIME NOT NULL DEFAULT (getdate())
CONSTRAINT [XPKCALIFICACION_CLIENTE] PRIMARY KEY CLUSTERED 
(
	[COD_CALI_CLIE], [COD_CLIE] ASC
)WITH (PAD_INDEX = OFF, STATISTICS_NORECOMPUTE = OFF, IGNORE_DUP_KEY = OFF, ALLOW_ROW_LOCKS = ON, ALLOW_PAGE_LOCKS = ON) ON [PRIMARY]
) ON [PRIMARY]

SET ANSI_PADDING OFF

	END

-- TABLA TARJETAOH

IF (EXISTS (SELECT * 
                 FROM INFORMATION_SCHEMA.TABLES 
                 WHERE TABLE_SCHEMA = 'dbo' 
                 AND  TABLE_NAME = 'TARJETAOH'))
	BEGIN
		DROP TABLE TARJETAOH;
	END
ELSE
    BEGIN

CREATE TABLE [dbo].[TARJETAOH](
	[COD_TARJ] Integer NOT NULL,
	[COD_CLIE] Integer NOT NULL,
	[TIP_TARJ] VARCHAR(20) NULL,
	[NUM_TARJ] BIGINT NULL,
	[BIN_TARJ] VARCHAR(10) NULL,
	[EST_TARJ] Integer NOT NULL,
    [COD_USUA_CREA] VARCHAR(08) NOT NULL DEFAULT (substring(upper(suser_sname()),(1),(8))),
	[FEC_USUA_CREA] DATETIME NOT NULL DEFAULT (getdate()),
	[COD_USUA_MODI] VARCHAR(08) NOT NULL DEFAULT (substring(upper(suser_sname()),(1),(8))),
	[FEC_USUA_MODI] DATETIME NOT NULL DEFAULT (getdate())
CONSTRAINT [XPKTARJETAOH] PRIMARY KEY CLUSTERED 
(
	[COD_TARJ], [COD_CLIE] ASC
)WITH (PAD_INDEX = OFF, STATISTICS_NORECOMPUTE = OFF, IGNORE_DUP_KEY = OFF, ALLOW_ROW_LOCKS = ON, ALLOW_PAGE_LOCKS = ON) ON [PRIMARY]
) ON [PRIMARY]

SET ANSI_PADDING OFF

ALTER TABLE [dbo].[TARJETAOH]  WITH CHECK ADD  CONSTRAINT [FK_CLIENTE_A_TARJETAOH] FOREIGN KEY([COD_CLIE])
REFERENCES [dbo].[CLIENTE] ([COD_CLIE])

ALTER TABLE [dbo].[TARJETAOH] CHECK CONSTRAINT [FK_CLIENTE_A_TARJETAOH]
	
	END
	
	
---insert data

INSERT INTO CLIENTE ( [COD_CLIE], [NOM_CLIE], [APE_PATE_CLIE], [APE_MATE_CLIE],
	[TIP_DOCU_IDEN], [NUM_DOCU_IDEN], [FEC_NACI], [SEX_CLIE],
	[EMA_CLIE], [DIR_CLIE], [TEL_FIJO_CLIE], [TEL_MOVI_CLIE],
	[SIT_LABO_CLIE], [EST_CLIE], [IND_TARJ], [IND_TARJ_VCLU],
	[COD_USUA_CREA], [FEC_USUA_CREA], [COD_USUA_MODI], [FEC_USUA_MODI]
)
VALUES
(1,'CARLOS ENRIQUE','ROSADO','ESPINOZA','DNI','45263253','1985-01-01','M','CROSADO@SUPERMERCADOSPERUANOS.COM.PE','CALLE LAS GARDENIAS 123 - LINCE','4562512','957423687','EMPLEADO','ACTIVO','S','S','JAISON',GETDATE(),'JAISON',GETDATE()),
(2,'FELIPE MARTIN','GUARDIA','BASUALDO','DNI','32565421','1988-01-01','M','FGUARDIA@SUPERMERCADOSPERUANOS.COM.PE','GRAL VELARDE 1222 - MIRAFLORES','5632325','965874489','INDEPENDIENTE','ACTIVO','S','N','JAISON',GETDATE(),'JAISON',GETDATE()),
(3,'ALBERTO LUIS','BORDA','DIAZ','DNI','40762144','1990-01-01','M','ABORDA@SUPERMERCADOSPERUANOS.COM.PE','CA.CANTUARIAS 345 - MIRAFLORES -  LIMA','4562151','996325874','INDEPENDIENTE','ACTIVO','S','S','JAISON',GETDATE(),'JAISON',GETDATE()),
(4,'CESAR JOEL','RODRIGUEZ','ALVARADO','DNI','41258534','2000-01-01','M','CRODRIGUEZ@SUPERMERCADOSPERUANOS.COM.PE','AV. REPUBLICA DE PANAMA NRO. 4286 LIMA','3884028','965874136','EMPLEADO','ACTIVO','S','S','JAISON',GETDATE(),'JAISON',GETDATE()),
(5,'JOSE LUIS','DIESTRA','ALEGRIA','DNI','42613057','1990-01-01','M','JDIESTRA@SUPERMERCADOSPERUANOS.COM.PE','JR. BUENAVENTURA RAYGADA NRO. 113 URB. CARLOS TAIMAN','6359854','989657410','EMPLEADO','ACTIVO','S','S','JAISON',GETDATE(),'JAISON',GETDATE())
GO

INSERT INTO INFOCORP ( [COD_CLIE_INFO], [ENT_FINA_INFO], [IMP_MONT_INFO], [CAL_SBSS_INFO],
	[COD_USUA_CREA], [FEC_USUA_CREA], [COD_USUA_MODI], [FEC_USUA_MODI]
)
VALUES
(1,'BANCO CONTINENTAL BBVA',0.0000,'A','JAISON',GETDATE(),'JAISON',GETDATE()),
(2,'BANCO DE CREDITO DEL PERÚ',150.0000,'B','JAISON',GETDATE(),'JAISON',GETDATE()),
(3,'SUNAT',1000.0000,'C','JAISON',GETDATE(),'JAISON',GETDATE()),
(4,'EQUIFAX',0.0000,'A','JAISON',GETDATE(),'JAISON',GETDATE()),
(5,'SUPERMERCADOS METRO',0.0000,'A','JAISON',GETDATE(),'JAISON',GETDATE())
GO

INSERT INTO SOLICITUD_AFILIACION ([COD_SOLI_AFIL], [EST_SOLI_AFIL], [FEC_SOLI_AFIL], [COD_CODI_SOLI], [NOM_CLIE_SOLI],
	[APE_PATE_CLIE], [APE_MATE_CLIE], [TIP_DOCU_IDEN], [NUM_DOCU_IDEN],
	[EMA_CLIE], [TEL_MOVI_CLIE], [COD_USUA_CREA], [FEC_USUA_CREA], 
	[COD_USUA_MODI], [FEC_USUA_MODI]
)
VALUES
(1,'P','2017-08-01','45263253','CARLOS ENRIQUE','ROSADO','ESPINOZA','DNI','45263253','CROSADO@SUPERMERCADOSPERUANOS.COM.PE','957423687','JAISON',GETDATE(),'JAISON',GETDATE()),
(2,'P','2017-08-01','32565421','FELIPE MARTIN','GUARDIA','BASUALDO','DNI','32565421','FGUARDIA@SUPERMERCADOSPERUANOS.COM.PE','965874489','JAISON',GETDATE(),'JAISON',GETDATE()),
(3,'P','2017-08-01','40762144','ALBERTO LUIS','BORDA','DIAZ','DNI','40762144','ABORDA@SUPERMERCADOSPERUANOS.COM.PE','996325874','JAISON',GETDATE(),'JAISON',GETDATE()),
(4,'P','2017-08-01','41258534','CESAR JOEL','RODRIGUEZ','ALVARADO','DNI','41258534','CRODRIGUEZ@SUPERMERCADOSPERUANOS.COM.PE','965874136','JAISON',GETDATE(),'JAISON',GETDATE()),
(5,'P','2017-08-01','42613057','JOSE LUIS','DIESTRA','ALEGRIA','DNI','42613057','JDIESTRA@SUPERMERCADOSPERUANOS.COM.PE','989657410','JAISON',GETDATE(),'JAISON',GETDATE())
GO

INSERT INTO CALIFICACION_CLIENTE ([COD_CALI_CLIE], [COD_CLIE], [CAL_CRED], [LIN_CRED],
	[SUE_CLIE], [OTR_INGR_CLIE], [EST_CALI_CLIE], [COD_USUA_CREA], [FEC_USUA_CREA], 
	[COD_USUA_MODI], [FEC_USUA_MODI]
)
VALUES
(1,1,'CON OBSERVACIONES',1000,1000,0,0,'JAISON',GETDATE(),'JAISON',GETDATE()),
(2,1,'COMPLETADA',1000,2000,0,1,'JAISON',GETDATE(),'JAISON',GETDATE()),
(3,2,'COMPLETADA',1000,2500,100,1,'JAISON',GETDATE(),'JAISON',GETDATE()),
(4,3,'COMPLETADA',1000,2500,1000,1,'JAISON',GETDATE(),'JAISON',GETDATE()),
(5,4,'COMPLETADA',1000,3000,100,1,'JAISON',GETDATE(),'JAISON',GETDATE()),
(6,5,'CON OBSERVACIONES',1000,2000,0,0,'JAISON',GETDATE(),'JAISON',GETDATE()),
(7,5,'COMPLETADA',1000,2000,2500,1,'JAISON',GETDATE(),'JAISON',GETDATE())
GO

INSERT INTO TARJETAOH ([COD_TARJ], [COD_CLIE], [TIP_TARJ], [NUM_TARJ],
	[BIN_TARJ],[EST_TARJ], [COD_USUA_CREA], [FEC_USUA_CREA], [COD_USUA_MODI], [FEC_USUA_MODI])
VALUES
(1,1,'',2547854114785232,'1110',0,'JAISON',GETDATE(),'JAISON',GETDATE()),
(2,2,'',2541654785693214,'1520',0,'JAISON',GETDATE(),'JAISON',GETDATE()),
(3,3,'',2541654785693218,'1521',0,'JAISON',GETDATE(),'JAISON',GETDATE()),
(4,4,'',2541654785693211,'1522',0,'JAISON',GETDATE(),'JAISON',GETDATE()),
(5,5,'',2541654785693213,'1523',0,'JAISON',GETDATE(),'JAISON',GETDATE())
GO


IF EXISTS (SELECT * FROM sys.objects WHERE type = 'P' AND name = '[dbo].[CLIENTE_Q01]')
DROP PROCEDURE [dbo].[CLIENTE_Q01]
GO

---
CREATE Procedure [dbo].[CLIENTE_Q01]
/*------------------------------------------------------*/  
/*---- V1: JAISON 
GRANT ALL ON CLIENTE_Q01 TO PUBLIC
EXEC CLIENTE_Q01 1       ----*/  
/*------------------------------------------------------*/  
@NUM_DOCU_IDEN INTEGER
  
As  
BEGIN
	Select COD_CLIE, NOM_CLIE, APE_PATE_CLIE, APE_MATE_CLIE,
	TIP_DOCU_IDEN, NUM_DOCU_IDEN, FEC_NACI, SEX_CLIE,
	EMA_CLIE, DIR_CLIE, TEL_FIJO_CLIE, TEL_MOVI_CLIE,
	SIT_LABO_CLIE, EST_CLIE, IND_TARJ, IND_TARJ_VCLU
	From CLIENTE
    Where NUM_DOCU_IDEN LIKE  @NUM_DOCU_IDEN

END
GO

IF EXISTS (SELECT * FROM sys.objects WHERE type = 'P' AND name = '[dbo].[CALIFICACIONCLIENTE_Q02]')
DROP PROCEDURE [dbo].[CALIFICACIONCLIENTE_Q02]
GO

---
CREATE Procedure [dbo].[CALIFICACIONCLIENTE_Q02]
/*------------------------------------------------------*/  

/*------------------------------------------------------*/  
@COD_CLIE INTEGER
  
As  
BEGIN

IF @COD_CLIE = 0
BEGIN 
	Select [COD_CALI_CLIE], [COD_CLIE], [CAL_CRED], [LIN_CRED],
	[SUE_CLIE], [OTR_INGR_CLIE], [EST_CALI_CLIE], [COD_USUA_CREA], [FEC_USUA_CREA], 
	[COD_USUA_MODI], [FEC_USUA_MODI]
	From CALIFICACION_CLIENTE
END
ELSE
BEGIN
	Select [COD_CALI_CLIE], [COD_CLIE], [CAL_CRED], [LIN_CRED],
	[SUE_CLIE], [OTR_INGR_CLIE], [EST_CALI_CLIE], [COD_USUA_CREA], [FEC_USUA_CREA], 
	[COD_USUA_MODI], [FEC_USUA_MODI]
	From CALIFICACION_CLIENTE
    Where COD_CLIE = @COD_CLIE

END

END
GO

IF EXISTS (SELECT * FROM sys.objects WHERE type = 'P' AND name = '[dbo].[ESTADO_SOLICITUD]')
DROP PROCEDURE [dbo].[ESTADO_SOLICITUD]
GO

---
CREATE Procedure [dbo].[ESTADO_SOLICITUD]
/*------------------------------------------------------*/  

/*------------------------------------------------------*/  
@NUM_DOCU_IDEN VARCHAR(10)
  
As  
BEGIN

Select [EST_SOLI_AFIL]
from [dbo].[SOLICITUD_AFILIACION]
WHERE [NUM_DOCU_IDEN]=@NUM_DOCU_IDEN;

END
GO

IF EXISTS (SELECT * FROM sys.objects WHERE type = 'P' AND name = '[dbo].[SOLICITUD_DESAPROBADAI03]')
DROP PROCEDURE [dbo].[SOLICITUD_DESAPROBADAI03]
GO

---
CREATE Procedure [dbo].[SOLICITUD_DESAPROBADAI03]
/*------------------------------------------------------*/  

/*------------------------------------------------------*/  
@COD_CLIE INTEGER
  
As  
BEGIN

UPDATE [dbo].[SOLICITUD_AFILIACION]
SET [EST_SOLI_AFIL]='D'
WHERE [NUM_DOCU_IDEN]=@COD_CLIE;

END
GO

IF EXISTS (SELECT * FROM sys.objects WHERE type = 'P' AND name = '[dbo].[TARJETAOH_SOLICITUD_I02]')
DROP PROCEDURE [dbo].[TARJETAOH_SOLICITUD_I02]
GO

CREATE Procedure [dbo].[TARJETAOH_SOLICITUD_I02]
/*------------------------------------------------------*/  

/*------------------------------------------------------*/  
@COD_CLIE INTEGER,
@TIP_TARJ VARCHAR(20),
@NUM_TARJ BIGINT
  
As  
BEGIN

UPDATE TARJETAOH
set [FEC_USUA_MODI]= GETDATE(),[TIP_TARJ]=@TIP_TARJ, [EST_TARJ]=1
	WHERE [NUM_TARJ]=@NUM_TARJ;
	

UPDATE [dbo].[SOLICITUD_AFILIACION]
SET [EST_SOLI_AFIL]='A',[FEC_USUA_MODI]=GETDATE()
WHERE [NUM_DOCU_IDEN]=@COD_CLIE;

END
GO

IF EXISTS (SELECT * FROM sys.objects WHERE type = 'P' AND name = '[dbo].[INFOCORP_Q03]')
DROP PROCEDURE [dbo].[INFOCORP_Q03]
GO

CREATE Procedure [dbo].[INFOCORP_Q03]
/*------------------------------------------------------*/  

/*------------------------------------------------------*/  
@COD_CLIE INTEGER
  
As  
BEGIN

IF @COD_CLIE = 0
BEGIN 
	Select [COD_CLIE_INFO],[ENT_FINA_INFO],[IMP_MONT_INFO],[IMP_MONT_INFO],[CAL_SBSS_INFO]
	From [dbo].[INFOCORP]
END
ELSE
BEGIN
	Select [COD_CLIE_INFO],[ENT_FINA_INFO],[IMP_MONT_INFO],[IMP_MONT_INFO],[CAL_SBSS_INFO]
	From [dbo].[INFOCORP]
    Where  [COD_CLIE_INFO]= @COD_CLIE

END

END
GO

IF EXISTS (SELECT * FROM sys.objects WHERE type = 'P' AND name = '[dbo].[TARJETAOH_Q01]')
DROP PROCEDURE [dbo].[TARJETAOH_Q01]
GO

---
CREATE Procedure [dbo].[TARJETAOH_Q01]
/*------------------------------------------------------*/  

/*------------------------------------------------------*/  
@COD_CLIE INTEGER
  
As  
BEGIN

IF @COD_CLIE = 0
BEGIN
	SELECT [COD_TARJ], [COD_CLIE], [TIP_TARJ], [NUM_TARJ],
	[BIN_TARJ]
	FROM 	TARJETAOH 
END
ELSE
BEGIN 
	SELECT [COD_TARJ], [COD_CLIE], [TIP_TARJ], [NUM_TARJ],
	[BIN_TARJ]
	FROM 	TARJETAOH 
	WHERE COD_CLIE = @COD_CLIE
END

END
GO

----- TABLA CATEGORIA
	
	IF (EXISTS (SELECT * 
                 FROM INFORMATION_SCHEMA.TABLES 
                 WHERE TABLE_SCHEMA = 'dbo' 
                 AND  TABLE_NAME = 'CATEGORIA'))
	BEGIN
		DROP TABLE CATEGORIA;
	END
ELSE
    BEGIN
		CREATE TABLE [dbo].[CATEGORIA](
	[COD_CATE_PROD] Integer NOT NULL,
	[NOM_CATE_PROD] Varchar(50) NULL,
	[COD_USUA_CREA] VARCHAR(08) NOT NULL DEFAULT (substring(upper(suser_sname()),(1),(8))),
	[FEC_USUA_CREA] DATETIME NOT NULL DEFAULT (getdate()),
	[COD_USUA_MODI] VARCHAR(08) NOT NULL DEFAULT (substring(upper(suser_sname()),(1),(8))),
	[FEC_USUA_MODI] DATETIME NOT NULL DEFAULT (getdate())
CONSTRAINT [XPKCATEGORIA] PRIMARY KEY CLUSTERED 
(
	[COD_CATE_PROD] ASC
)WITH (PAD_INDEX = OFF, STATISTICS_NORECOMPUTE = OFF, IGNORE_DUP_KEY = OFF, ALLOW_ROW_LOCKS = ON, ALLOW_PAGE_LOCKS = ON) ON [PRIMARY]
) ON [PRIMARY]

SET ANSI_PADDING OFF
END

----- TABLA PRODUCTO_CANJE


IF (EXISTS (SELECT * 
                 FROM INFORMATION_SCHEMA.TABLES 
                 WHERE TABLE_SCHEMA = 'dbo' 
                 AND  TABLE_NAME = 'PRODUCTO_CANJE'))
	BEGIN
		DROP TABLE PRODUCTO_CANJE;
	END
ELSE
    BEGIN
	CREATE TABLE [dbo].[PRODUCTO_CANJE](
	[COD_PROD_CANJ] Integer Identity(1,1) NOT NULL,
	[NOM_PROD_CANJ] Varchar(50) NULL,
	[COD_CATE_PROD] Integer, --CODIGO CATEGORÍA
	[VAL_CANJ] NUMERIC(16,4) NULL,
	[TIP_CANJ] INTEGER NULL, -- 0: PRODUCTO, 1: SERVICIO
	[DES_PROD_CANJ] Varchar(500) NULL,
	[CON_PROD_CANJ] Varchar(500) NULL,
	[IMAGEN] VARCHAR(200) NULL,
	[COD_USUA_CREA] VARCHAR(08) NOT NULL DEFAULT (substring(upper(suser_sname()),(1),(8))),
	[FEC_USUA_CREA] DATETIME NOT NULL DEFAULT (getdate()),
	[COD_USUA_MODI] VARCHAR(08) NOT NULL DEFAULT (substring(upper(suser_sname()),(1),(8))),
	[FEC_USUA_MODI] DATETIME NOT NULL DEFAULT (getdate())
CONSTRAINT [XPKPRODUCTO_CANJE] PRIMARY KEY CLUSTERED 
(
	[COD_PROD_CANJ] ASC
)WITH (PAD_INDEX = OFF, STATISTICS_NORECOMPUTE = OFF, IGNORE_DUP_KEY = OFF, ALLOW_ROW_LOCKS = ON, ALLOW_PAGE_LOCKS = ON) ON [PRIMARY]
) ON [PRIMARY]

SET ANSI_PADDING OFF

ALTER TABLE [dbo].[PRODUCTO_CANJE] WITH CHECK ADD  CONSTRAINT [FK_CATEGORIA_A_PRODUCTO_CANJE] FOREIGN KEY([COD_CATE_PROD])
REFERENCES [dbo].[CATEGORIA] ([COD_CATE_PROD])

	END
	
--- TABLA STOCK_CANJE

IF (EXISTS (SELECT * 
                 FROM INFORMATION_SCHEMA.TABLES 
                 WHERE TABLE_SCHEMA = 'dbo' 
                 AND  TABLE_NAME = 'STOCK_CANJE'))
	BEGIN
		DROP TABLE STOCK_CANJE;
	END
ELSE
    BEGIN
		CREATE TABLE [dbo].[STOCK_CANJE](
	[COD_STOC_ITEM] Integer NOT NULL, --CODIGO ARTICULO
	[COD_STOC_CATE] Integer NOT NULL, --CODIGO CATEGORIA ITEM
	[CAN_STOC_CANJ] Numeric (16,4) NOT NULL, --CANTIDAD ACTUAL
	[FEC_REGI_STOC] DATETIME NULL, --FECHA REGISTRO STOCK
	[COD_USUA_CREA] VARCHAR(08) NOT NULL DEFAULT (substring(upper(suser_sname()),(1),(8))),
	[FEC_USUA_CREA] DATETIME NOT NULL DEFAULT (getdate()),
	[COD_USUA_MODI] VARCHAR(08) NOT NULL DEFAULT (substring(upper(suser_sname()),(1),(8))),
	[FEC_USUA_MODI] DATETIME NOT NULL DEFAULT (getdate())
CONSTRAINT [XPKSTOCK_CANJE] PRIMARY KEY CLUSTERED 
(
	[COD_STOC_ITEM] ASC, [COD_STOC_CATE] ASC
)WITH (PAD_INDEX = OFF, STATISTICS_NORECOMPUTE = OFF, IGNORE_DUP_KEY = OFF, ALLOW_ROW_LOCKS = ON, ALLOW_PAGE_LOCKS = ON) ON [PRIMARY]
) ON [PRIMARY]

SET ANSI_PADDING OFF

ALTER TABLE [dbo].[STOCK_CANJE] WITH CHECK ADD  CONSTRAINT [FK_PRODUCTO_CANJE_A_STOCK_CANJE] FOREIGN KEY([COD_STOC_ITEM])
REFERENCES [dbo].[PRODUCTO_CANJE] ([COD_PROD_CANJ])

ALTER TABLE [dbo].[STOCK_CANJE] WITH CHECK ADD  CONSTRAINT [FK_CATEGORIA_A_STOCK_CANJE] FOREIGN KEY([COD_STOC_CATE])
REFERENCES [dbo].[CATEGORIA] ([COD_CATE_PROD])

END
	
----- TABLA HISTORIAL_COMPRA
	
	IF (EXISTS (SELECT * 
                 FROM INFORMATION_SCHEMA.TABLES 
                 WHERE TABLE_SCHEMA = 'dbo' 
                 AND  TABLE_NAME = 'HISTORIAL_COMPRA'))
	BEGIN
		DROP TABLE HISTORIAL_COMPRA;
	END
ELSE
    BEGIN

	CREATE TABLE [dbo].[HISTORIAL_COMPRA](
	[COD_CLIE_HIST] Integer NOT NULL,
	[COD_PROD_HIST] INTEGER NOT NULL, -- CODIGO PRODUCTO CANJE
	[COD_CATE_HIST] Integer, --CODIGO CATEGORÍA
	[IMP_COMP_HIST] NUMERIC(16,4) NULL, --IMPORTE COMPRA
	[FEC_COMP_HIST] DATETIME NOT NULL, 
	[COD_USUA_CREA] VARCHAR(08) NOT NULL DEFAULT (substring(upper(suser_sname()),(1),(8))),
	[FEC_USUA_CREA] DATETIME NOT NULL DEFAULT (getdate()),
	[COD_USUA_MODI] VARCHAR(08) NOT NULL DEFAULT (substring(upper(suser_sname()),(1),(8))),
	[FEC_USUA_MODI] DATETIME NOT NULL DEFAULT (getdate())
CONSTRAINT [XPKHISTORIAL_COMPRA] PRIMARY KEY CLUSTERED 
(
	[COD_CLIE_HIST] ASC, [COD_PROD_HIST] ASC, [COD_CATE_HIST] ASC
)WITH (PAD_INDEX = OFF, STATISTICS_NORECOMPUTE = OFF, IGNORE_DUP_KEY = OFF, ALLOW_ROW_LOCKS = ON, ALLOW_PAGE_LOCKS = ON) ON [PRIMARY]
) ON [PRIMARY]

SET ANSI_PADDING OFF

ALTER TABLE [dbo].[HISTORIAL_COMPRA] WITH CHECK ADD  CONSTRAINT [FK_CATEGORIA_A_HISTORIAL_COMPRA] FOREIGN KEY([COD_CATE_HIST])
REFERENCES [dbo].[CATEGORIA] ([COD_CATE_PROD])

END
	
	
---- inserts

	INSERT INTO CATEGORIA ( [COD_CATE_PROD], [NOM_CATE_PROD], [COD_USUA_CREA], [FEC_USUA_CREA], [COD_USUA_MODI], [FEC_USUA_MODI] )
VALUES
(1,'CASACAS','JAISON',GETDATE(),'JAISON',GETDATE()),
(2,'SERVICIO','JAISON',GETDATE(),'JAISON',GETDATE()),
(3,'ACCESORIOS','JAISON',GETDATE(),'JAISON',GETDATE()),
(4,'ANALGESICOS ANTIINFLAMATORIOS','JAISON',GETDATE(),'JAISON',GETDATE()),
(5,'ANTIBACTERIAL','JAISON',GETDATE(),'JAISON',GETDATE()),
(6,'ANTIHISTAMINICOS/CORTICOIDES','JAISON',GETDATE(),'JAISON',GETDATE()),
(7,'ANTISEPTICOS','JAISON',GETDATE(),'JAISON',GETDATE()),
(8,'COMPUTADORAS','JAISON',GETDATE(),'JAISON',GETDATE()),
(9,'DERMATOLOGICO','JAISON',GETDATE(),'JAISON',GETDATE()),
(10,'DIGESTIVO','JAISON',GETDATE(),'JAISON',GETDATE()),
(11,'FRUTAL (INSUMOS)','JAISON',GETDATE(),'JAISON',GETDATE()),
(12,'FRUTAL (MAT. PRIMA)','JAISON',GETDATE(),'JAISON',GETDATE()),
(13,'FRUTAL (PROD. TERMINADO)','JAISON',GETDATE(),'JAISON',GETDATE()),
(14,'GASFITERIAS','JAISON',GETDATE(),'JAISON',GETDATE()),
(15,'GENERICO','JAISON',GETDATE(),'JAISON',GETDATE()),
(16,'HERRAMIENTAS ELECTRICAS','JAISON',GETDATE(),'JAISON',GETDATE()),
(17,'HERRAMIENTAS MANUALES','JAISON',GETDATE(),'JAISON',GETDATE()),
(18,'HIDRATACION','JAISON',GETDATE(),'JAISON',GETDATE()),
(19,'HORTALIZA (INSUMOS)','JAISON',GETDATE(),'JAISON',GETDATE()),
(20,'HORTALIZA (MAT. PRIMA)','JAISON',GETDATE(),'JAISON',GETDATE()),
(21,'HORTALIZA (PROD. TERMINADO)','JAISON',GETDATE(),'JAISON',GETDATE()),
(22,'IMPRESORA','JAISON',GETDATE(),'JAISON',GETDATE()),
(23,'LLANTAS, NEUMATICOS Y AROS','JAISON',GETDATE(),'JAISON',GETDATE()),
(24,'MATERIAL DE LIBRERÍA','JAISON',GETDATE(),'JAISON',GETDATE()),
(25,'MATERIAL DE LIMPIEZA','JAISON',GETDATE(),'JAISON',GETDATE()),
(26,'MATERIAL DE OFICINA','JAISON',GETDATE(),'JAISON',GETDATE()),
(27,'MATERIALES','JAISON',GETDATE(),'JAISON',GETDATE()),
(28,'MERCADERIA','JAISON',GETDATE(),'JAISON',GETDATE()),
(29,'OTROS','JAISON',GETDATE(),'JAISON',GETDATE()),
(30,'OTROS REPUESTOS','JAISON',GETDATE(),'JAISON',GETDATE()),
(31,'PASTELERIA - ADICIONALES','JAISON',GETDATE(),'JAISON',GETDATE()),
(32,'PASTELERIA - ARTICULOS PARA PRODUCCION','JAISON',GETDATE(),'JAISON',GETDATE()),
(33,'PASTELERIA - ENVASES Y EMBALAJES','JAISON',GETDATE(),'JAISON',GETDATE()),
(34,'PASTELES (INSUMOS)','JAISON',GETDATE(),'JAISON',GETDATE()),
(35,'PINTURAS','JAISON',GETDATE(),'JAISON',GETDATE()),
(36,'PORCIONES','JAISON',GETDATE(),'JAISON',GETDATE()),
(37,'REPUESTOS DE VEHICULOS','JAISON',GETDATE(),'JAISON',GETDATE()),
(38,'TORTAS','JAISON',GETDATE(),'JAISON',GETDATE()),
(39,'FILTROS','JAISON',GETDATE(),'JAISON',GETDATE())
GO

INSERT INTO PRODUCTO_CANJE ( [NOM_PROD_CANJ],[COD_CATE_PROD], [VAL_CANJ], [TIP_CANJ],
	[DES_PROD_CANJ], [CON_PROD_CANJ], [IMAGEN], [COD_USUA_CREA], [FEC_USUA_CREA], 
	[COD_USUA_MODI], [FEC_USUA_MODI] )
VALUES
('CASACA PERÚ AL MUNDIAL',1,100,1,'CASACA PERÚ AL MUNDIAL RUSIA 2018, DISPONIBLE YA PARA LOS DOS ÚLTIMOS PARTIDOS DEFINITORIOS','POR CADA 100 PUNTOS, SE PODRÁ CANJEAR ESTA CASACA EXCLUSIVA APOYANDO A LA SELECCIÓN PERUANA',NULL,'JAISON',GETDATE(),'JAISON',GETDATE()),
('BAR A DOMICILIO PERÚ AL MUNDIAL',2,350,0,'BAR A DOMICILIO PERÚ AL MUNDIAL, CONTIENE TODO EL SERVICIO DEL ENVÍO DE TODAS LAS BEBIDAS DEL BAR EL PERUANO','POR CADA 350 PUNTOS Y EL CONSUMO DE 100 SOLES EN TODA LA SECCIÓN DE LICORERÍA SE PODRÁ CANJEAR ESTE SERVICIO',NULL,'JAISON',GETDATE(),'JAISON',GETDATE()),
('ALCOHOL YOD.ERZAX30 ML.',15,20,1,'ALCOHOL YOD.ERZAX30 ML.','TODAS LAS PRESENTACIONES',NULL,'JAISON',GETDATE(),'JAISON',GETDATE()),
('YODO',15,10,1,'* YODO','TODAS LAS VERSIONES',NULL,'JAISON',GETDATE(),'JAISON',GETDATE()),
('ACEITE 3EN UNO',15,20,1,'ACEITE 3EN UNO','TODAS LAS PRESENTACIONES',NULL,'JAISON',GETDATE(),'JAISON',GETDATE()),
('ALCOHOL YODADO 960 ML',5,20,1,'*ALCOHOL YODADO','TODAS LAS PRESENTACIONES',NULL,'JAISON',GETDATE(),'JAISON',GETDATE()),
('ALGODON',15,30,1,'ALGODON','TODAS LAS PRESENTACIONES',NULL,'JAISON',GETDATE(),'JAISON',GETDATE()),
('CERA PARA AUTO',25,40,1,'CERA PARA AUTO','TODAS LAS PRESENTACIONES',NULL,'JAISON',GETDATE(),'JAISON',GETDATE()),
('ENGRAMPADOR LENOVO M120',26,35,1,'ENGRAMPADOR LENOVO M120 *ENGRAMPADOR LENOVO M120','TODAS LAS PRESENTACIONES',NULL,'JAISON',GETDATE(),'JAISON',GETDATE()),
('NITROFURANTOINA 100MG',15,35,1,'*NITROFURANTOINA 100MG','TODAS LAS PRESENTACIONES CON RECETA',NULL,'JAISON',GETDATE(),'JAISON',GETDATE()),
('PANADOL ANTIGRIPAL',4,35,1,'*PANADOL ANTIGRIPAL','TODAS LAS PRESENTACIONES CON RECETA',NULL,'JAISON',GETDATE(),'JAISON',GETDATE()),
('ALICATE DE BOCA ACODADA',17,25,1,'ALICATE DE BOCA ACODADA','TODAS LAS PRESENTACIONES',NULL,'JAISON',GETDATE(),'JAISON',GETDATE()),
('ALICATE DE BOCA PLANA',17,30,1,'ALICATE DE BOCA PLANA','TODAS LAS PRESENTACIONES',NULL,'JAISON',GETDATE(),'JAISON',GETDATE()),
('ALICATE DE BOCA REDONDA',17,35,1,'ALICATE DE BOCA REDONDA','TODAS LAS PRESENTACIONES',NULL,'JAISON',GETDATE(),'JAISON',GETDATE()),
('ALICATE UNIVERSAL',17,30,1,'ALICATE UNIVERSAL','TODAS LAS PRESENTACIONES',NULL,'JAISON',GETDATE(),'JAISON',GETDATE()),
('ALMOL TALCO FECULA X 120 G.',15,50,1,'ALMOL TALCO FECULA X 120','HASTA AGOTAR STOCK DE LA VERSIÓN 120',NULL,'JAISON',GETDATE(),'JAISON',GETDATE()),
('AMOXIDIN 7 250 250 MG 5 ML',5,60,1,'AMOXIDIN 7 250 250 MG/5 ML','TODAS LAS PRESENTACIONES',NULL,'JAISON',GETDATE(),'JAISON',GETDATE()),
('AMOXIDIN CL 500 MG 125 ML',5,55,1,'AMOXIDIN CL 500 MG/125 ML','TODAS LAS PRESENTACIONES',NULL,'JAISON',GETDATE(),'JAISON',GETDATE()),
('ANTENA PARA VEHICULO TOYOTA',37,100,1,'ANTENA PARA VEHICULO TOYOTA','TODAS LAS PRESENTACIONES',NULL,'JAISON',GETDATE(),'JAISON',GETDATE()),
('ARCHIVADOR  PALANCA  1 2  OFICIO',26,80,1,'ARCHIVADOR  PALANCA  1/2  OFICIO','TODAS LAS PRESENTACIONES',NULL,'JAISON',GETDATE(),'JAISON',GETDATE()),
('ARCHIVADOR  TIPO  ACORDEON  NUMERICO',26,90,1,'ARCHIVADOR  TIPO  ACORDEON  NUMÉRICO','TODAS LAS PRESENTACIONES',NULL,'JAISON',GETDATE(),'JAISON',GETDATE()),
('ARGENTAMICINA 1POR CIENTO CREMA',9,150,1,'ARGENTAMICINA 1POR CIENTO CREMA','TODAS LAS PRESENTACIONES',NULL,'JAISON',GETDATE(),'JAISON',GETDATE()),
('ARO 250 X 18	ARO 250 X 18',23,250,1,'3LL	LLANTAS, NEUMATICOS Y AROS','TODAS LAS PRESENTACIONES',NULL,'JAISON',GETDATE(),'JAISON',GETDATE()),
('ARO 26 X 2  X 1.3 4',23,300,1,'ARO 26 X 2  X 1.3/4','TODAS LAS PRESENTACIONES',NULL,'JAISON',GETDATE(),'JAISON',GETDATE()),
('ARO 7 X 12',23,290,1,'ARO 7 X 12','TODAS LAS PRESENTACIONES',NULL,'JAISON',GETDATE(),'JAISON',GETDATE()),
('ARRANCADOR NISSAN PARA MOTOR K25 12V',37,350,1,'ARRANCADOR NISSAN PARA MOTOR K25 12V','TODAS LAS PRESENTACIONES',NULL,'JAISON',GETDATE(),'JAISON',GETDATE()),
('ASEPXIA EXFOLIANTE',9,500,1,'ASEPXIA EXFOLIANTE','TODAS LAS PRESENTACIONES',NULL,'JAISON',GETDATE(),'JAISON',GETDATE()),
('ATORNILLADOR A BATERIA 2 VELOCIDADES 12V   1.3',16,450,1,'ATORNILLADOR A BATERIA 2 VELOCIDADES 12V / 1.3','TODAS LAS PRESENTACIONES',NULL,'JAISON',GETDATE(),'JAISON',GETDATE()),
('ATORNILLADOR DE IMPACTO A BAT. 12V WH12DM HITACHI',16,500,1,'ATORNILLADOR DE IMPACTO A BAT. 12V WH12DM HITACHI','TODAS LAS PRESENTACIONES',NULL,'JAISON',GETDATE(),'JAISON',GETDATE()),
('ATORNILLADOR DEWALT DV 981 K2',16,495,1,'ATORNILLADOR DEWALT DV 981 K2','TODAS LAS PRESENTACIONES',NULL,'JAISON',GETDATE(),'JAISON',GETDATE()),
('ATORNILLADOR GSR 12 V  BOSCH',16,500,1,'ATORNILLADOR GSR 12 V  BOSCH','TODAS LAS PRESENTACIONES',NULL,'JAISON',GETDATE(),'JAISON',GETDATE()),
('BARNIZ MARINO',35,100,1,'BARNIZ MARINO','TODAS LAS PRESENTACIONES',NULL,'JAISON',GETDATE(),'JAISON',GETDATE()),
('SILLA CON RESPALDAR',28,500,1,'SILLA CON RESPALDAR','TODAS LAS PRESENTACIONES',NULL,'JAISON',GETDATE(),'JAISON',GETDATE()),
('ESCRITORIO MELAMINA 1.6MTS',28,600,1,'ESCRITORIO MELAMINA 1.6MTS','TODAS LAS PRESENTACIONES',NULL,'JAISON',GETDATE(),'JAISON',GETDATE()),
('SILLA GIRATORIA',28,700,1,'SILLA GIRATORIA','TODAS LAS PRESENTACIONES',NULL,'JAISON',GETDATE(),'JAISON',GETDATE()),
('MESA DE COMEDOR',28,750,1,'MESA DE COMEDOR','TODAS LAS PRESENTACIONES',NULL,'JAISON',GETDATE(),'JAISON',GETDATE()),
('SENSORES POR ULTRASONIDOS SIK 8200',28,1000,1,'SENSORES POR ULTRASONIDOS SIK 8200','TODAS LAS PRESENTACIONES PREVIO PERMISO DE SALUD',NULL,'JAISON',GETDATE(),'JAISON',GETDATE()),
('NAPROSYN CAPSULAS 500MGX10',15,10,1,'NAPROSYN CAPSULAS 500MGX10','TODAS LAS PRESENTACIONES CON RECETA',NULL,'JAISON',GETDATE(),'JAISON',GETDATE()),
('PARCHE LEON ARNICA 9X12CM.',15,25,1,'PARCHE LEON ARNICA 9X12CM.','TODAS LAS PRESENTACIONES',NULL,'JAISON',GETDATE(),'JAISON',GETDATE()),
('PINTURA FIESTA COLOR',35,200,1,'PINTURA FIESTA COLOR','TODAS LAS PRESENTACIONES',NULL,'JAISON',GETDATE(),'JAISON',GETDATE()),
('LACA SELLADORA',35,100,1,'LACA SELLADORA','TODAS LAS PRESENTACIONES',NULL,'JAISON',GETDATE(),'JAISON',GETDATE()),
('FAX PANASONIC FX-2250',28,300,1,'FAX PANASONIC FX-2250','TODAS LAS PRESENTACIONES',NULL,'JAISON',GETDATE(),'JAISON',GETDATE()),
('MINICOMPONENTE PIONNER SOUND',28,500,1,'MINICOMPONENTE PIONNER SOUND SND-6500 PWW','TODAS LAS PRESENTACIONES',NULL,'JAISON',GETDATE(),'JAISON',GETDATE()),
('LIMAS TAHITI 15.00 KN 48-50 MM CAT 1',13,15,1,'LIMAS TAHITI 15.00 KN 48-50 MM CAT 1 COEXA','TODAS LAS PRESENTACIONES',NULL,'JAISON',GETDATE(),'JAISON',GETDATE()),
('LIMAS TAHITI 15.00 KN 48-50 MM CAT 1.5',13,16,1,'LIMAS TAHITI 15.00 KN 48-50 MM CAT 1.5 COEXA','TODAS LAS PRESENTACIONES',NULL,'JAISON',GETDATE(),'JAISON',GETDATE()),
('LIMAS TAHITI 15.00 KN 50-54 MM CAT 1',13,10,1,'LIMAS TAHITI 15.00 KN 50-54 MM CAT 1 COEXA','TODAS LAS PRESENTACIONES',NULL,'JAISON',GETDATE(),'JAISON',GETDATE()),
('LIMAS TAHITI 17.00 KN 48-50 MM CAT 1.5',13,20,1,'LIMAS TAHITI 17.00 KN 48-50 MM CAT 1.5 FRESH LIMES','TODAS LAS PRESENTACIONES',NULL,'JAISON',GETDATE(),'JAISON',GETDATE()),
('LIMAS TAHITI 17.00 KN 50-54 MM CAT 1.5',13,25,1,'LIMAS TAHITI 17.00 KN 50-54 MM CAT 1.5 FRESH LIMES','TODAS LAS PRESENTACIONES',NULL,'JAISON',GETDATE(),'JAISON',GETDATE()),
('LIMON TAHITI',13,50,1,'LIMON TAHITI','TODAS LAS PRESENTACIONES',NULL,'JAISON',GETDATE(),'JAISON',GETDATE()),
('UVA FLAME',12,10,1,'UVA FLAME','TODAS LAS PRESENTACIONES',NULL,'JAISON',GETDATE(),'JAISON',GETDATE()),
('UVA FLAME SEEDLESS 4.5 KN  22',12,20,1,'UVA FLAME SEEDLESS 4.5 KN  22  TABLE GRAPES','TODAS LAS PRESENTACIONES',NULL,'JAISON',GETDATE(),'JAISON',GETDATE()),
('UVA FLAME SEEDLESS 4.5 KN  44',12,25,1,'UVA FLAME SEEDLESS 4.5 KN  44  TABLE GRAPES','TODAS LAS PRESENTACIONES',NULL,'JAISON',GETDATE(),'JAISON',GETDATE()),
('UVA FLAME SEEDLESS 8.2 KN 16-18',12,20,1,'UVA FLAME SEEDLESS 8.2 KN 16-18 MM SIZE 22 COEXA','TODAS LAS PRESENTACIONES',NULL,'JAISON',GETDATE(),'JAISON',GETDATE()),
('UVA FLAME SEEDLESS 8.2 KN 18-20',12,23,1,'UVA FLAME SEEDLESS 8.2 KN 18-20 MM SIZE 44 COEXA','TODAS LAS PRESENTACIONES',NULL,'JAISON',GETDATE(),'JAISON',GETDATE()),
('UVA FLAME SEEDLESS 9.0 KN  17 MM',12,25,1,'UVA FLAME SEEDLESS 9.0 KN > 17 MM ROYAL TABLE GRAPES','TODAS LAS PRESENTACIONES',NULL,'JAISON',GETDATE(),'JAISON',GETDATE()),
('CHOCOCHIPS',34,25,1,'CHOCOCHIPS','TODAS LAS PRESENTACIONES',NULL,'JAISON',GETDATE(),'JAISON',GETDATE()),
('CHOCOLATE BLANCO',34,26,1,'CHOCOLATE BLANCO','TODAS LAS PRESENTACIONES',NULL,'JAISON',GETDATE(),'JAISON',GETDATE()),
('CHOCOLATE PARA TAZA',34,20,1,'CHOCOLATE PARA TAZA','TODAS LAS PRESENTACIONES',NULL,'JAISON',GETDATE(),'JAISON',GETDATE()),
('AZUCAR BLANCA',34,20,1,'AZUCAR BLANCA','TODAS LAS PRESENTACIONES',NULL,'JAISON',GETDATE(),'JAISON',GETDATE()),
('AZUCAR IMPALPABLE',34,25,1,'AZUCAR IMPALPABLE','TODAS LAS PRESENTACIONES',NULL,'JAISON',GETDATE(),'JAISON',GETDATE()),
('AZUCAR RUBIA',34,20,1,'AZUCAR RUBIA','TODAS LAS PRESENTACIONES',NULL,'JAISON',GETDATE(),'JAISON',GETDATE()),
('CAMA DE MARMOL 2 PLAZAS',28,600,1,'CAMA DE MARMOL 2 PLAZAS','TODAS LAS PRESENTACIONES',NULL,'JAISON',GETDATE(),'JAISON',GETDATE()),
('CAMA DE MARMOL DE 1 PLAZA Y MEDIA',28,650,1,'CAMA DE MARMOL DE 1 PLAZA Y MEDIA','TODAS LAS PRESENTACIONES',NULL,'JAISON',GETDATE(),'JAISON',GETDATE()),
('ETIQ. BL.PARA  GRAN.(10.01 CMS X 3.6 CMS) X PAQ',26,25,1,'ETIQUETAS  BLANCAS  PARA FILE  GRANDES (10.01 CMS X 3.6 CMS) X PAQ','TODAS LAS PRESENTACIONES',NULL,'JAISON',GETDATE(),'JAISON',GETDATE()),
('ETIQ. BLAN. FILE MEDIANAS (3.6 X 12 CMS)X PAQ',26,35,1,'ETIQUETAS  BLANCAS  PARA FILE  MEDIANAS (3.6 X 12 CMS) X PAQ','TODAS LAS PRESENTACIONES',NULL,'JAISON',GETDATE(),'JAISON',GETDATE()),
('ETIQ.BLAN.DE PRECIO CHIC.(1.3 X 1.9 CMS) X PQ',26,40,1,'ETIQUETAS  BLANCAS  DE PRECIO  CHICAS (1.3 X 1.9 CMS) X PAQ','TODAS LAS PRESENTACIONES',NULL,'JAISON',GETDATE(),'JAISON',GETDATE()),
('ETIQUET- ROLLO X  3.0X 4.0 CM CORTES  X 2.5',26,40,1,'ETIQUETAS  ROLLO X  3.0X 4.0 CM CORTES  X 2.5','TODAS LAS PRESENTACIONES',NULL,'JAISON',GETDATE(),'JAISON',GETDATE()),
('ETIQUET. MEDIDA - 10 .5 X 14 . 85 CMS-TROQ.',26,45,1,'ETIQUETAS  MEDIDAS  - 10 .5 X 14 . 85 CMS TROQUELADAS','TODAS LAS PRESENTACIONES',NULL,'JAISON',GETDATE(),'JAISON',GETDATE()),
('ETIQUETAS  MEDIDAS  - 3.8 X 12 . 5 CMS',26,50,1,'ETIQUETAS  MEDIDAS  - 3.8 X 12 . 5 CMS','TODAS LAS PRESENTACIONES',NULL,'JAISON',GETDATE(),'JAISON',GETDATE()),
('ETIQUETAS  PCI  ( ALMACEN )',26,35,1,'ETIQUETAS  PCI  ( ALMACEN )','TODAS LAS PRESENTACIONES',NULL,'JAISON',GETDATE(),'JAISON',GETDATE()),
('ETIQUETAS  ROLLO X  4 X 2-3 8 CORTES X 9000',26,40,1,'ETIQUETAS  ROLLO X  4" X 2-3/8" CORTES X 9000','TODAS LAS PRESENTACIONES',NULL,'JAISON',GETDATE(),'JAISON',GETDATE()),
('BOLSAS CHICAS - MEMORIAS X UNID',29,20,1,'BOLSAS CHICAS PARA MEMORIAS X UNIDAD (20.5 X 10 CMS)','TODAS LAS PRESENTACIONES',NULL,'JAISON',GETDATE(),'JAISON',GETDATE()),
('BOLSAS CHICAS CON ASA Y LOGO',29,10,1,'BOLSAS CHICAS CON ASA Y LOGO X UNIDAD','TODAS LAS PRESENTACIONES',NULL,'JAISON',GETDATE(),'JAISON',GETDATE()),
('BOLSAS GRAND.CON ASA Y LOGOXUNIDAD (33 X 46 CMS)',29,5,1,'BOLSAS GRANDES CON ASA Y LOGO X UNIDAD (33 X 46 CMS)','TODAS LAS PRESENTACIONES',NULL,'JAISON',GETDATE(),'JAISON',GETDATE()),
('BOLSAS MEDI.PARA LECTORAS X UNID (23 X 31 CMS)',29,5,1,'BOLSAS MEDIANAS PARA LECTORAS X UNIDAD (23 X 31 CMS)','TODAS LAS PRESENTACIONES',NULL,'JAISON',GETDATE(),'JAISON',GETDATE()),
('BOLSAS NEGRAS X 100 UND  P   BASURA  220 LTS',29,5,1,'BOLSAS NEGRAS X 100 UND  P / BASURA  220 LTS','TODAS LAS PRESENTACIONES',NULL,'JAISON',GETDATE(),'JAISON',GETDATE()),
('LAPICERO  AZUL',24,10,1,'LAPICERO  AZUL','TODAS LAS PRESENTACIONES',NULL,'JAISON',GETDATE(),'JAISON',GETDATE()),
('LAPICERO  NEGRO',24,10,1,'LAPICERO  NEGRO','TODAS LAS PRESENTACIONES',NULL,'JAISON',GETDATE(),'JAISON',GETDATE()),
('LAPICERO  ROJO',24,10,1,'LAPICERO ROJO','TODAS LAS PRESENTACIONES',NULL,'JAISON',GETDATE(),'JAISON',GETDATE()),
('LAPICERO PILOT 123',24,10,1,'LAPICERO PILOT 123','TODAS LAS PRESENTACIONES',NULL,'JAISON',GETDATE(),'JAISON',GETDATE()),
('BASICA 25X25 BIZCOCHO',38,19,1,'BASICA 25X25 BIZCOCHO','TODAS LAS PRESENTACIONES',NULL,'JAISON',GETDATE(),'JAISON',GETDATE()),
('BASICA 25X25 KEKE',38,21,1,'BASICA 25X25 KEKE','TODAS LAS PRESENTACIONES',NULL,'JAISON',GETDATE(),'JAISON',GETDATE()),
('BASICA 28X28 BIZCOCHO',38,22,1,'BASICA 28X28 BIZCOCHO','TODAS LAS PRESENTACIONES',NULL,'JAISON',GETDATE(),'JAISON',GETDATE()),
('BASICA 32X32 BIZCOCHO',38,26,1,'BASICA 32X32 EN BIZCOCHUELO','TODAS LAS PRESENTACIONES',NULL,'JAISON',GETDATE(),'JAISON',GETDATE()),
('BASICA 32X32 KEKE',38,17,1,'BASICA 32X32 EN KEKE','TODAS LAS PRESENTACIONES',NULL,'JAISON',GETDATE(),'JAISON',GETDATE()),
('BASICA 33 BIZCOCHO',38,18,1,'BASICA 33 EN BIZCOCHUELO','TODAS LAS PRESENTACIONES',NULL,'JAISON',GETDATE(),'JAISON',GETDATE()),
('TE D-06 OPCION 1 MANJAR (CORAZONES 2 CH+2 GR)',38,31,1,'TE D-06 OPCION 1 MANJAR (CORAZONES 2 CH+2 GR)','TODAS LAS PRESENTACIONES',NULL,'JAISON',GETDATE(),'JAISON',GETDATE()),
('TE D-14 OPCION 1 ALBARICOQUE (REDONDAS, 3X29+21',38,32,1,'TE D-14 OPCION 1 ALBARICOQUE (REDONDAS, 3X29+21','TODAS LAS PRESENTACIONES',NULL,'JAISON',GETDATE(),'JAISON',GETDATE()),
('TE D-14 OPCION 1 MANJAR (REDONDAS, 3X29+21CM)',38,26,1,'TE D-14 OPCION 1 MANJAR (REDONDAS, 3X29+21CM)','TODAS LAS PRESENTACIONES',NULL,'JAISON',GETDATE(),'JAISON',GETDATE()),
('TE D-14 OPCION 2 ALBARICOQUE (REDONDAS, 2X33+29',38,22,1,'TE D-14 OPCION 2  ALBARICOQUE (REDONDAS, 2X33+29)','TODAS LAS PRESENTACIONES',NULL,'JAISON',GETDATE(),'JAISON',GETDATE()),
('TE D-14 OPCION 2 MANJAR (REDONDAS, 2X33+29+21CM',38,16,1,'TE D-14 OPCION 2 MANJAR (REDONDAS, 2X33+29+21CM','TODAS LAS PRESENTACIONES',NULL,'JAISON',GETDATE(),'JAISON',GETDATE()),
('SERVICIO DE INSTALACION',2,3500,0,'SERVICIO DE INSTALACION','TODOS LOS SERVICIOS QUE INVOLUCREN UNA INSTALACIÓN',NULL,'JAISON',GETDATE(),'JAISON',GETDATE()),
('SERVICIO DE MANTENIMIENTO CORRECTIVO',2,4000,1,'SERVICIO DE MANTENIMIENTO CORRECTIVO','TODOS LOS SERVICIOS QUE INVOLUCREN UNA REPARACIÓN',NULL,'JAISON',GETDATE(),'JAISON',GETDATE()),
('SERVICIO DE MANTENIMIENTO PREVENTIVO',2,4500,1,'SERVICIO DE MANTENIMIENTO PREVENTIVO','TODOS LOS SERVICIOS QUE INVOLUCREN UNA INSTALACIÓN',NULL,'JAISON',GETDATE(),'JAISON',GETDATE()),
('SERVICIO DE REPARACION',2,5000,1,'SERVICIO DE REPARACION','TODOS LOS SERVICIOS QUE INVOLUCREN UNA INSTALACIÓN',NULL,'JAISON',GETDATE(),'JAISON',GETDATE()),
('SERVICIO PARA DEBITO',2,3600,1,'SERVICIO PARA DEBITO','TODOS LOS SERVICIOS QUE INVOLUCREN UN PAGO',NULL,'JAISON',GETDATE(),'JAISON',GETDATE()),
('HP C4836A - Cartucho para impresora',22,650,1,'HP C4836A - Cartucho para impresora','TODAS LAS VERSIONES DE LA MARCA',NULL,'JAISON',GETDATE(),'JAISON',GETDATE()),
('HP C4837A - Cartucho para impresora',22,600,1,'HP C4837A - Cartucho para impresora','TODAS LAS VERSIONES DE LA MARCA',NULL,'JAISON',GETDATE(),'JAISON',GETDATE()),
('HP C6578D - CARTUCHO DJ 920 TRICOLOR',22,580,1,'HP C6578D - CARTUCHO DJ 920 TRICOLOR','TODAS LAS VERSIONES DE LA MARCA',NULL,'JAISON',GETDATE(),'JAISON',GETDATE()),
('HP C6615D - Cartucho DJ 840 Negro',22,490,1,'HP C6615D - Cartucho DJ 840 Negro','TODAS LAS VERSIONES DE LA MARCA',NULL,'JAISON',GETDATE(),'JAISON',GETDATE()),
('HP C6625A - Cartucho DJ840 TRICOLOR',22,591,1,'HP C6625A - Cartucho DJ840 TRICOLOR','TODAS LAS VERSIONES DE LA MARCA',NULL,'JAISON',GETDATE(),'JAISON',GETDATE()),
('CABEZA DE DUCHA CUADRADA',14,658,1,'CABEZA DE DUCHA CUADRADA','TODAS LAS VERSIONES DE LA MARCA',NULL,'JAISON',GETDATE(),'JAISON',GETDATE()),
('CABEZA DE DUCHA REDONDA',14,710,1,'CABEZA DE DUCHA REDONDA','TODAS LAS VERSIONES DE LA MARCA',NULL,'JAISON',GETDATE(),'JAISON',GETDATE()),
('ESPARRAGO VERDE',20,84,1,'ESPARRAGO VERDE','TODAS LAS PRESENTACIONES',NULL,'JAISON',GETDATE(),'JAISON',GETDATE()),
('ESPARRAGO VERDE 10 ATADOS 250 GR 2.5 KN LARGE CAT',21,85,1,'ESPARRAGO VERDE 10 ATADOS 250 GR 2.5 KN  LARGE CAT1 AGROORIGEN','TODAS LAS PRESENTACIONES',NULL,'JAISON',GETDATE(),'JAISON',GETDATE()),
('ESPARRAGO VERDE 11 ATADOS 454 GR 5 KN SMALL C1 INK',21,59,1,'ESPARRAGO VERDE 11 ATADOS 454 GR 5 KN SMALL C1 INKA FRESH','TODAS LAS PRESENTACIONES',NULL,'JAISON',GETDATE(),'JAISON',GETDATE()),
('ESPARRAGO VERDE 11 ATADOS 454 GR 5 KN STD CAT1.5',21,60,1,'ESPARRAGO VERDE 11 ATADOS 454 GR 5 KN STD CAT1.5  INKA FRESH','TODAS LAS PRESENTACIONES',NULL,'JAISON',GETDATE(),'JAISON',GETDATE()),
('ESPARRAGO VERDE 20 ATADOS 250 GR 5 KN LARGE CAT1 I',21,19,1,'ESPARRAGO VERDE 20 ATADOS 250 GR 5 KN LARGE CAT1 INKA FRESH','TODAS LAS PRESENTACIONES',NULL,'JAISON',GETDATE(),'JAISON',GETDATE()),
('ESPARRAGO VERDE 8 ATADOS 420 GR 3.36 KN LARGE CAT1',21,24,1,'ESPARRAGO VERDE 8 ATADOS 420 GR 3.36 KN LARGE CAT1 INKA FRESH','TODAS LAS PRESENTACIONES',NULL,'JAISON',GETDATE(),'JAISON',GETDATE()),
('ST RUBIA DEBILIDAD',38,20,1,'ST RUBIA DEBILIDAD','TODAS LAS PRESENTACIONES',NULL,'JAISON',GETDATE(),'JAISON',GETDATE()),
('VALVULA 50 MM DOBLE UNION AMERICANA C10',14,580,1,'VALVULA 50 MM DOBLE UNION AMERICANA C10','TODAS LAS PRESENTACIONES',NULL,'JAISON',GETDATE(),'JAISON',GETDATE()),
('VALVULA BOLA 21 2 HI DIMAFLOW',14,625,1,'VALVULA BOLA 21/2 HI DIMAFLOW','TODAS LAS PRESENTACIONES',NULL,'JAISON',GETDATE(),'JAISON',GETDATE()),
('VALVULA BOLA 32 MM C UNION AMERICANA',14,750,1,'VALVULA BOLA 32 MM C/UNION AMERICANA','TODAS LAS PRESENTACIONES',NULL,'JAISON',GETDATE(),'JAISON',GETDATE()),
('VALVULA COMPUERTA 1 1 2 DIMAFLOW',14,850,1,'VALVULA COMPUERTA 1 1/2 DIMAFLOW','TODAS LAS PRESENTACIONES',NULL,'JAISON',GETDATE(),'JAISON',GETDATE()),
('VALVULA COMPUERTA 1 1 4 DIMAFLOW',14,900,1,'VALVULA COMPUERTA 1 1/4 DIMAFLOW','TODAS LAS PRESENTACIONES',NULL,'JAISON',GETDATE(),'JAISON',GETDATE()),
('VALVULA COMPUERTA 1 HI-HI',14,958,1,'VALVULA COMPUERTA 1 HI-HI','TODAS LAS PRESENTACIONES',NULL,'JAISON',GETDATE(),'JAISON',GETDATE()),
('VALVULA DE EXPANSION TEX2, MODELO 068Z3209',30,968,1,'VALVULA DE EXPANSION TEX2, MODELO 068Z3209','TODAS LAS PRESENTACIONES',NULL,'JAISON',GETDATE(),'JAISON',GETDATE()),
('VALVULA DE PIE 1 C REJILLA',14,999,1,'VALVULA DE PIE 1 C/REJILLA','TODAS LAS PRESENTACIONES',NULL,'JAISON',GETDATE(),'JAISON',GETDATE()),
('CANON  t. CYAN pix IP3000 ( 6 CY BCI - 6 C )',22,390,1,'CANON  tinta CYAN pix IP3000 ( 6 CY BCI - 6 C )','TODAS LAS PRESENTACIONES',NULL,'JAISON',GETDATE(),'JAISON',GETDATE()),
('CANON  T.YELLOW PIX IP3000 - ( 6YELL BCI - 6Y)',22,560,1,'CANON  TINTA YELLOW PIX IP3000 ( 6 YELL BCI - 6 Y)','TODAS LAS PRESENTACIONES',NULL,'JAISON',GETDATE(),'JAISON',GETDATE()),
('CANON  tinta Magenta pix IP 3000  (6 Mag BCI-6M)',22,680,1,'CANON  tinta Magenta pix IP 3000  (6 Mag BCI-6M)','TODAS LAS PRESENTACIONES',NULL,'JAISON',GETDATE(),'JAISON',GETDATE()),
('CANON -TINTA  CL-41 TRICL ( 1600 1200 2200 1800)',22,710,1,'CANON -TINTA  CL-41 TRICL ( 1600/1200/2200/1800)','TODAS LAS PRESENTACIONES',NULL,'JAISON',GETDATE(),'JAISON',GETDATE()),
('CANON -TINTA PG-40 NEGR ( 1200 1600 2200 1800)',22,259,1,'CANON -TINTA PG-40 NEGR ( 1200/1600/2200/1800)','TODAS LAS PRESENTACIONES',NULL,'JAISON',GETDATE(),'JAISON',GETDATE()),
('KEKE AL CARAMELO 10',38,36,1,'KEKE AL CARAMELO 10','TODAS LAS PRESENTACIONES',NULL,'JAISON',GETDATE(),'JAISON',GETDATE()),
('KEKE AL CARAMELO 28X28',38,32,1,'KEKE AL CARAMELO 28X28','TODAS LAS PRESENTACIONES',NULL,'JAISON',GETDATE(),'JAISON',GETDATE()),
('KEKE AL CARAMELO 30 X40',38,30,1,'KEKE AL CARAMELO 30 X40','TODAS LAS PRESENTACIONES',NULL,'JAISON',GETDATE(),'JAISON',GETDATE()),
('PAPEL BOND A3 (500 HOJAS)',24,51,1,'PAPEL BOND A3 (500 HOJAS)','TODAS LAS PRESENTACIONES',NULL,'JAISON',GETDATE(),'JAISON',GETDATE()),
('PAPEL BOND A4 (500 HOJAS)',24,57,1,'PAPEL BOND A4 (500 HOJAS)','TODAS LAS PRESENTACIONES',NULL,'JAISON',GETDATE(),'JAISON',GETDATE()),
('PAPEL BOND CARTA (500 HOJAS)',24,66,1,'PAPEL BOND CARTA (500 HOJAS)','TODAS LAS PRESENTACIONES',NULL,'JAISON',GETDATE(),'JAISON',GETDATE()),
('PAPEL BOND OFICIO (500 HOJAS)',24,65,1,'PAPEL BOND OFICIO (500 HOJAS)','TODAS LAS PRESENTACIONES',NULL,'JAISON',GETDATE(),'JAISON',GETDATE()),
('FILTRO DE ACEITE - LF-38 LYS',39,280,1,'FILTRO DE ACEITE - LF-38  LYS','TODAS LAS PRESENTACIONES',NULL,'JAISON',GETDATE(),'JAISON',GETDATE()),
('FILTRO DE ACEITE PER-69',39,325,1,'FILTRO DE ACEITE PER-69','TODAS LAS PRESENTACIONES',NULL,'JAISON',GETDATE(),'JAISON',GETDATE()),
('FILTRO DE PETROLEO LFP-305',39,300,1,'FILTRO DE PETROLEO LFP-305','TODAS LAS PRESENTACIONES',NULL,'JAISON',GETDATE(),'JAISON',GETDATE()),
('FILTRO HIDRAULICO FORD 8210',39,290,1,'FILTRO HIDRAULICO FORD 8210','TODAS LAS PRESENTACIONES',NULL,'JAISON',GETDATE(),'JAISON',GETDATE()),
('FILTRO HIDRAULICO FORD 8830',39,250,1,'FILTRO HIDRAULICO FORD 8830','TODAS LAS PRESENTACIONES',NULL,'JAISON',GETDATE(),'JAISON',GETDATE()),
('FILTRO LUBER FINER ACEITE LFP 784',39,320,1,'FILTRO LUBER FINER ACEITE LFP 784','TODAS LAS PRESENTACIONES',NULL,'JAISON',GETDATE(),'JAISON',GETDATE()),
('TONER SAMSUNG SCX - 4200 ( 4200 A )',22,199,1,'TONER   SAMSUNG  SCX - 4200 / ( 4200 A )','TODAS LAS PRESENTACIONES',NULL,'JAISON',GETDATE(),'JAISON',GETDATE()),
('TONER SAMSUNG  SCX - 4521 ( 4521 D 3 )',22,258,1,'TONER   SAMSUNG  SCX - 4521 / ( 4521 D 3 )','TODAS LAS PRESENTACIONES',NULL,'JAISON',GETDATE(),'JAISON',GETDATE()),
('TONER HP ML 3050 B SEE -( ML 305X )',22,300,1,'TONER  HP  ML 3050 B/SEE - ( ML 305X )','TODAS LAS PRESENTACIONES',NULL,'JAISON',GETDATE(),'JAISON',GETDATE()),
('TONER SAMSUNG ML 1610 - ( ML 1610 D2 )',22,250,1,'TONER  SAMSUNG ML 1610 - ( ML 1610 D2 )','TODAS LAS PRESENTACIONES',NULL,'JAISON',GETDATE(),'JAISON',GETDATE()),
('TONER SAMSUNG ML 3560 DB - ( ML 356 X )',22,199,1,'TONER  SAMSUNG ML 3560 DB - ( ML 356 X )','TODAS LAS PRESENTACIONES',NULL,'JAISON',GETDATE(),'JAISON',GETDATE()),
('BARNIZ MARINO SPAR',35,46,1,'BARNIZ MARINO SPAR','TODAS LAS PRESENTACIONES',NULL,'JAISON',GETDATE(),'JAISON',GETDATE()),
('BARNIZ T81',35,41,1,'BARNIZ T81','TODAS LAS PRESENTACIONES',NULL,'JAISON',GETDATE(),'JAISON',GETDATE()),
('BARNIZ V-1',35,40,1,'BARNIZ V-1','TODAS LAS PRESENTACIONES',NULL,'JAISON',GETDATE(),'JAISON',GETDATE()),
('TAPA ACC. UNIVERSAL BLANCA',14,35,1,'TAPA ACC. UNIVERSAL BLANCA','TODAS LAS PRESENTACIONES',NULL,'JAISON',GETDATE(),'JAISON',GETDATE()),
('TAPA CANAL UNIVERSAL BLANCA P25',14,31,1,'TAPA CANAL UNIVERSAL BLANCA P25','TODAS LAS PRESENTACIONES',NULL,'JAISON',GETDATE(),'JAISON',GETDATE()),
('TAPA CANALETA UNIV. BEIGE P-25',14,36,1,'TAPA CANALETA UNIV. BEIGE P-25','TODAS LAS PRESENTACIONES',NULL,'JAISON',GETDATE(),'JAISON',GETDATE()),
('TAPA CANALETA UNIVERSAL MARRON VINILIT',14,33,1,'TAPA CANALETA UNIVERSAL MARRON VINILIT','TODAS LAS PRESENTACIONES',NULL,'JAISON',GETDATE(),'JAISON',GETDATE()),
('TAPA IZQUIERDA P ACCES.BEIGE',14,28,1,'TAPA IZQUIERDA P/ACCES.BEIGE','TODAS LAS PRESENTACIONES',NULL,'JAISON',GETDATE(),'JAISON',GETDATE()),
('TAPA IZQUIERDA P CANAL.BEIGE',14,29,1,'TAPA IZQUIERDA P/CANAL.BEIGE','TODAS LAS PRESENTACIONES',NULL,'JAISON',GETDATE(),'JAISON',GETDATE()),
('TAPA P31 DERECHA P CANAL BCA.',14,36,1,'TAPA P31 DERECHA P/CANAL BCA.','TODAS LAS PRESENTACIONES',NULL,'JAISON',GETDATE(),'JAISON',GETDATE()),
('HIDRAX FRESA',18,390,1,'HIDRAX FRESA','TODAS LAS PRESENTACIONES',NULL,'JAISON',GETDATE(),'JAISON',GETDATE()),
('HIDRAX MANZANA',18,360,1,'HIDRAX MANZANA','TODAS LAS PRESENTACIONES',NULL,'JAISON',GETDATE(),'JAISON',GETDATE()),
('GASEOVET 40 MG TABLETA',10,55,1,'GASEOVET 40 MG TABLETA','TODAS LAS PRESENTACIONES',NULL,'JAISON',GETDATE(),'JAISON',GETDATE()),
('GASEOVET 80 MG ML',10,54,1,'GASEOVET 80 MG/ML','TODAS LAS PRESENTACIONES',NULL,'JAISON',GETDATE(),'JAISON',GETDATE()),
('CUADERNO  DE  CARGO',24,80,1,'CUADERNO  DE  CARGO','TODAS LAS PRESENTACIONES',NULL,'JAISON',GETDATE(),'JAISON',GETDATE()),
('CUADERNO BULKY',24,75,1,'CUADERNO BULKY','TODAS LAS PRESENTACIONES',NULL,'JAISON',GETDATE(),'JAISON',GETDATE()),
('CUADERNO CUADRICULADO',24,64,1,'CUADERNO CUADRICULADO T / CARTA (X100H)','TODAS LAS PRESENTACIONES',NULL,'JAISON',GETDATE(),'JAISON',GETDATE()),
('PLUMON NEG.DELGADO INDELEBLE FABER CASTELL',24,32,1,'PLUMON NEGRO DELGADO INDELEBLE FABER CASTELL # 421','TODAS LAS PRESENTACIONES',NULL,'JAISON',GETDATE(),'JAISON',GETDATE()),
('PLUMON NEG.GRUESO INDELEBLE FABER CASTELL',24,31,1,'PLUMON NEGRO GRUESO INDELEBLE FABER CASTELL # 23','TODAS LAS PRESENTACIONES',NULL,'JAISON',GETDATE(),'JAISON',GETDATE()),
('PLUMON PIZ.ACRILICA VERDE FABER CASTELL',24,30,1,'PLUMON PIZARRA ACRILICA VERDE FABER CASTELL # 123','TODAS LAS PRESENTACIONES',NULL,'JAISON',GETDATE(),'JAISON',GETDATE()),
('PLUMON PIZA.ACRILICA NEGRO FABER CASTELL',24,29,1,'PLUMON PIZARRA ACRILICA NEGRO FABER CASTELL # 123','TODAS LAS PRESENTACIONES',NULL,'JAISON',GETDATE(),'JAISON',GETDATE()),
('PLUMON PIZA.ACRILICA ROJO FABER CASTELL',24,28,1,'PLUMON PIZARRA ACRILICA ROJO FABER CASTELL # 123','TODAS LAS PRESENTACIONES',NULL,'JAISON',GETDATE(),'JAISON',GETDATE()),
('PLUMON PIZAR.ACRILICA AZUL FABER CASTELL',24,27,1,'PLUMON PIZARRA ACRILICA AZUL FABER CASTELL','TODAS LAS PRESENTACIONES',NULL,'JAISON',GETDATE(),'JAISON',GETDATE()),
('KETEROLACO',4,25,1,'KETEROLACO DESINFLAMATORIO','TODAS LAS PRESENTACIONES',NULL,'JAISON',GETDATE(),'JAISON',GETDATE()),
('CALCULADORA CASIO MS-100TV ( 10 DIGITOS )',15,850,1,'CALCULADORA  CASIO  MS-100TV ( 10 DIGITOS )','TODAS LAS PRESENTACIONES',NULL,'JAISON',GETDATE(),'JAISON',GETDATE()),
('LIJA PARA FIERRO',3,75,1,'LIJA PARA FIERRO','TODAS LAS PRESENTACIONES',NULL,'JAISON',GETDATE(),'JAISON',GETDATE()),
('LIJA PARA MADERA',3,69,1,'LIJA PARA MADERA','TODAS LAS PRESENTACIONES',NULL,'JAISON',GETDATE(),'JAISON',GETDATE()),
('LIJA PARA PARED',3,68,1,'LIJA PARA PARED','TODAS LAS PRESENTACIONES',NULL,'JAISON',GETDATE(),'JAISON',GETDATE()),
('DOLOFARMAAN FORTE TABLETA',4,390,1,'DOLOFARMAAN FORTE TABLETA','TODAS LAS PRESENTACIONES',NULL,'JAISON',GETDATE(),'JAISON',GETDATE()),
('DOLOFARMALAN 25 TABLETA',4,300,1,'DOLOFARMALAN 25 TABLETA','TODAS LAS PRESENTACIONES',NULL,'JAISON',GETDATE(),'JAISON',GETDATE()),
('DOLOMAX AP 800 MG TABLETA',4,320,1,'DOLOMAX AP 800 MG TABLETA','TODAS LAS PRESENTACIONES',NULL,'JAISON',GETDATE(),'JAISON',GETDATE()),
('FUROXONA 16,66 MG 5ML',5,370,1,'FUROXONA 16,66 MG/5ML FUROXONA 16,66 MG/5ML','TODAS LAS PRESENTACIONES',NULL,'JAISON',GETDATE(),'JAISON',GETDATE()),
('FUROXONA FORTE 50 MG  5 ML',5,360,1,'FUROXONA FORTE 50 MG/ 5 ML','TODAS LAS PRESENTACIONES',NULL,'JAISON',GETDATE(),'JAISON',GETDATE()),
('MEDICORT 0,5 MG 5 ML ELIXIR',6,250,1,'MEDICORT 0,5 MG/5 ML ELIXIR','TODAS LAS PRESENTACIONES',NULL,'JAISON',GETDATE(),'JAISON',GETDATE()),
('FURACIN 0,2 SOLUCION TOPICA',7,200,1,'FURACIN 0,2% SOLUCION TOPICA','TODAS LAS PRESENTACIONES',NULL,'JAISON',GETDATE(),'JAISON',GETDATE()),
('IMPRESORA MULTIFUNCIONAL HP 3435',8,850,1,'IMPRESORA MULTIFUNCIONAL HP 3435','TODAS LAS PRESENTACIONES',NULL,'JAISON',GETDATE(),'JAISON',GETDATE()),
('LAPTOP HP CORE I5 14',8,2000,1,'LAPTOP HP CORE I5 14 PULG','TODAS LAS PRESENTACIONES',NULL,'JAISON',GETDATE(),'JAISON',GETDATE()),
('LAPTOP TOSHIBA CORE I7 15',8,1500,1,'LAPTOP TOSHIBA CORE I7 15 PULG','TODAS LAS PRESENTACIONES',NULL,'JAISON',GETDATE(),'JAISON',GETDATE()),
('MONITOR LG 17',8,350,1,'MONITOR LG 17 PULG','TODAS LAS PRESENTACIONES',NULL,'JAISON',GETDATE(),'JAISON',GETDATE()),
('MOUSE LOGITECH ALAMBRICO',8,350,1,'MOUSE LOGITECH ALAMBRICO','TODAS LAS PRESENTACIONES',NULL,'JAISON',GETDATE(),'JAISON',GETDATE()),
('TECLADO MICRONICS ERGONOMICO',8,250,1,'TECLADO MICRONICS ERGONOMICO','TODAS LAS PRESENTACIONES',NULL,'JAISON',GETDATE(),'JAISON',GETDATE()),
('CAPSULAS ASEPXIA',9,65,1,'CAPSULAS ASEPXIA','TODAS LAS PRESENTACIONES',NULL,'JAISON',GETDATE(),'JAISON',GETDATE()),
('GRAVOL 50 MG TABLETAS',10,31,1,'GRAVOL 50 MG TABLETAS','TODAS LAS PRESENTACIONES',NULL,'JAISON',GETDATE(),'JAISON',GETDATE()),
('GRAVOL A P 75 MG CAPSULA',10,30,1,'GRAVOL A/P 75 MG CAPSULA','TODAS LAS PRESENTACIONES',NULL,'JAISON',GETDATE(),'JAISON',GETDATE()),
('BOLSAS POLYBAG PLU 4023 IMP',11,35,1,'BOLSAS POLYBAG PLU 4023 IMP','TODAS LAS PRESENTACIONES',NULL,'JAISON',GETDATE(),'JAISON',GETDATE()),
('BROCHAS RJ45',17,100,1,'BROCHAS RJ45','TODAS LAS PRESENTACIONES',NULL,'JAISON',GETDATE(),'JAISON',GETDATE()),
('MARTILLO ENCOFRADOR STANLEY',17,250,1,'MARTILLO ENCOFRADOR STANLEY','TODAS LAS PRESENTACIONES',NULL,'JAISON',GETDATE(),'JAISON',GETDATE()),
('LIGA DE CAUCHO N 63 IMPRESION PLU 4080 MORADO',19,360,1,'LIGA DE CAUCHO Nº 63 IMPRESION PLU 4080 MORADO','TODAS LAS PRESENTACIONES',NULL,'JAISON',GETDATE(),'JAISON',GETDATE()),
('CAMARA - 14.9 X 26 JHON DEERE',23,500,1,'CAMARA - 14.9 X 26 JHON DEERE','TODAS LAS PRESENTACIONES',NULL,'JAISON',GETDATE(),'JAISON',GETDATE()),
('CAMARA - 7.5 - 16 LT',23,450,1,'CAMARA - 7.5 - 16 LT','TODAS LAS PRESENTACIONES',NULL,'JAISON',GETDATE(),'JAISON',GETDATE()),
('CAMARA - DE LLANTA 11L - 16 SL',23,350,1,'CAMARA - DE LLANTA 11L - 16 SL','TODAS LAS PRESENTACIONES',NULL,'JAISON',GETDATE(),'JAISON',GETDATE()),
('PAPEL HIGIENICO JUMBO  4 X 500 MTS',25,35,1,'PAPEL HIGIENICO JUMBO  4 X 500 MTS','TODAS LAS PRESENTACIONES',NULL,'JAISON',GETDATE(),'JAISON',GETDATE()),
('SENSORES DE COLOR SIK 5800',28,535,1,'SENSORES DE COLOR SIK 5800','TODAS LAS PRESENTACIONES',NULL,'JAISON',GETDATE(),'JAISON',GETDATE()),
('SENSORES DE DISTANCIA SIK 5300',28,530,1,'SENSORES DE DISTANCIA SIK 5300','TODAS LAS PRESENTACIONES',NULL,'JAISON',GETDATE(),'JAISON',GETDATE()),
('SENSORES DE VISION SIK 5600',28,520,1,'SENSORES DE VISION SIK 5600','TODAS LAS PRESENTACIONES',NULL,'JAISON',GETDATE(),'JAISON',GETDATE()),
('SENSORES FOTOELECTRICOS CON FIBRA OPTICA SIK 8800',28,500,1,'SENSORES FOTOELECTRICOS CON FIBRA OPTICA SIK 8800','TODAS LAS PRESENTACIONES',NULL,'JAISON',GETDATE(),'JAISON',GETDATE()),
('SENSORES MAGNETICOS SIK 8500',28,450,1,'SENSORES MAGNETICOS SIK 8500','TODAS LAS PRESENTACIONES',NULL,'JAISON',GETDATE(),'JAISON',GETDATE()),
('BATERIA 15 PLACAS',30,350,1,'BATERIA 15 PLACAS','TODAS LAS PRESENTACIONES',NULL,'JAISON',GETDATE(),'JAISON',GETDATE()),
('BATERIA 17 PLACAS',30,200,1,'BATERIA 17 PLACAS','TODAS LAS PRESENTACIONES',NULL,'JAISON',GETDATE(),'JAISON',GETDATE()),
('BATERIA 21 PLACAS',30,250,1,'BATERIA 21 PLACAS','TODAS LAS PRESENTACIONES',NULL,'JAISON',GETDATE(),'JAISON',GETDATE()),
('MASA EMPANADAS',32,19,1,'MASA EMPANADAS','TODAS LAS PRESENTACIONES',NULL,'JAISON',GETDATE(),'JAISON',GETDATE()),
('MASA HOJALDRE',32,20,1,'MASA HOJALDRE','TODAS LAS PRESENTACIONES',NULL,'JAISON',GETDATE(),'JAISON',GETDATE()),
('MASA PAN DE LECHE',32,35,1,'MASA PAN DE LECHE','TODAS LAS PRESENTACIONES',NULL,'JAISON',GETDATE(),'JAISON',GETDATE()),
('MASA PAN DE MOLDE BLANCO',32,25,1,'MASA PAN DE MOLDE BLANCO','TODAS LAS PRESENTACIONES',NULL,'JAISON',GETDATE(),'JAISON',GETDATE()),
('MASA PASTELES SALADOS',32,50,1,'MASA PASTELES SALADOS','TODAS LAS PRESENTACIONES',NULL,'JAISON',GETDATE(),'JAISON',GETDATE()),
('MASITAS SURTIDAS',32,15,1,'MASITAS SURTIDAS X KILO','TODAS LAS PRESENTACIONES',NULL,'JAISON',GETDATE(),'JAISON',GETDATE()),
('BOLSAS CELOFAN 11X22X1',33,6,1,'BOLSAS CELOFAN 11X22X1','TODAS LAS PRESENTACIONES',NULL,'JAISON',GETDATE(),'JAISON',GETDATE()),
('BOLSAS CELOFAN 13X20',33,7,1,'BOLSAS CELOFAN 13X20','TODAS LAS PRESENTACIONES',NULL,'JAISON',GETDATE(),'JAISON',GETDATE()),
('BOLSAS CELOFAN 7X10',33,6,1,'BOLSAS CELOFAN 7X10','TODAS LAS PRESENTACIONES',NULL,'JAISON',GETDATE(),'JAISON',GETDATE()),
('BOLSAS CELOFAN 8X12X1',33,5,1,'BOLSAS CELOFAN 8X12X1','TODAS LAS PRESENTACIONES',NULL,'JAISON',GETDATE(),'JAISON',GETDATE()),
('BOLSAS CELOFAN 9X14',33,5,1,'BOLSAS CELOFAN 9X14','TODAS LAS PRESENTACIONES',NULL,'JAISON',GETDATE(),'JAISON',GETDATE()),
('COBERTURA BLANCA',34,29,1,'COBERTURA BLANCA','TODAS LAS PRESENTACIONES',NULL,'JAISON',GETDATE(),'JAISON',GETDATE()),
('COBERTURA DE CHOCOLATE',34,27,1,'COBERTURA DE CHOCOLATE','TODAS LAS PRESENTACIONES',NULL,'JAISON',GETDATE(),'JAISON',GETDATE()),
('BARRA DE DIRECCION CENTRAL NISSAN',37,150,1,'BARRA DE DIRECCION CENTRAL NISSAN','TODAS LAS PRESENTACIONES DE NISSAN',NULL,'JAISON',GETDATE(),'JAISON',GETDATE()),
('BOLITAS DE FUDGE MASITA RELLENADAS',38,11,1,'BOLITAS DE FUDGE MASITA RELLENADAS','TODAS LAS PRESENTACIONES',NULL,'JAISON',GETDATE(),'JAISON',GETDATE()),
('BOLITAS DE NUEZ MASITA RELLENADAS',38,10,1,'BOLITAS DE NUEZ MASITA RELLENADAS','TODAS LAS PRESENTACIONES',NULL,'JAISON',GETDATE(),'JAISON',GETDATE())
GO

INSERT INTO STOCK_CANJE ( [COD_STOC_ITEM], [COD_STOC_CATE], [CAN_STOC_CANJ], [FEC_REGI_STOC],
	[COD_USUA_CREA], [FEC_USUA_CREA], [COD_USUA_MODI], [FEC_USUA_MODI])
VALUES 
(1,1,300,GETDATE(),'JAISON',GETDATE(),'JAISON',GETDATE()),
(2,2,20,GETDATE(),'JAISON',GETDATE(),'JAISON',GETDATE()),
(3,15,3752.000000,GETDATE(),'JAISON',GETDATE(),'JAISON',GETDATE()),
(4,15,5125.000000,GETDATE(),'JAISON',GETDATE(),'JAISON',GETDATE()),
(5,15,2773.000000,GETDATE(),'JAISON',GETDATE(),'JAISON',GETDATE()),
(6,5,4555.000000,GETDATE(),'JAISON',GETDATE(),'JAISON',GETDATE()),
(7,15,965.000000,GETDATE(),'JAISON',GETDATE(),'JAISON',GETDATE()),
(8,25,2663.000000,GETDATE(),'JAISON',GETDATE(),'JAISON',GETDATE()),
(9,26,3397.000000,GETDATE(),'JAISON',GETDATE(),'JAISON',GETDATE()),
(10,15,6465.000000,GETDATE(),'JAISON',GETDATE(),'JAISON',GETDATE()),
(11,4,6069.000000,GETDATE(),'JAISON',GETDATE(),'JAISON',GETDATE()),
(12,17,8439.000000,GETDATE(),'JAISON',GETDATE(),'JAISON',GETDATE()),
(13,17,8986.000000,GETDATE(),'JAISON',GETDATE(),'JAISON',GETDATE()),
(14,17,996.000000,GETDATE(),'JAISON',GETDATE(),'JAISON',GETDATE()),
(15,17,5706.000000,GETDATE(),'JAISON',GETDATE(),'JAISON',GETDATE()),
(16,15,2535.000000,GETDATE(),'JAISON',GETDATE(),'JAISON',GETDATE()),
(17,5,5430.000000,GETDATE(),'JAISON',GETDATE(),'JAISON',GETDATE()),
(18,5,6466.000000,GETDATE(),'JAISON',GETDATE(),'JAISON',GETDATE()),
(19,37,6000.000000,GETDATE(),'JAISON',GETDATE(),'JAISON',GETDATE()),
(20,26,4127.000000,GETDATE(),'JAISON',GETDATE(),'JAISON',GETDATE()),
(21,26,6676.000000,GETDATE(),'JAISON',GETDATE(),'JAISON',GETDATE()),
(22,9,1600,GETDATE(),'JAISON',GETDATE(),'JAISON',GETDATE()),
(23,23,7000.000000,GETDATE(),'JAISON',GETDATE(),'JAISON',GETDATE()),
(24,23,3000.000000,GETDATE(),'JAISON',GETDATE(),'JAISON',GETDATE()),
(25,23,6500.000000,GETDATE(),'JAISON',GETDATE(),'JAISON',GETDATE()),
(26,37,6500.000000,GETDATE(),'JAISON',GETDATE(),'JAISON',GETDATE()),
(27,9,500,GETDATE(),'JAISON',GETDATE(),'JAISON',GETDATE()),
(28,16,9047.000000,GETDATE(),'JAISON',GETDATE(),'JAISON',GETDATE()),
(29,16,6599.000000,GETDATE(),'JAISON',GETDATE(),'JAISON',GETDATE()),
(30,16,6997.000000,GETDATE(),'JAISON',GETDATE(),'JAISON',GETDATE()),
(31,16,5003.000000,GETDATE(),'JAISON',GETDATE(),'JAISON',GETDATE()),
(32,35,4467.000000,GETDATE(),'JAISON',GETDATE(),'JAISON',GETDATE()),
(33,28,4000.000000,GETDATE(),'JAISON',GETDATE(),'JAISON',GETDATE()),
(34,28,5024.000000,GETDATE(),'JAISON',GETDATE(),'JAISON',GETDATE()),
(35,28,4632.000000,GETDATE(),'JAISON',GETDATE(),'JAISON',GETDATE()),
(36,28,6000.000000,GETDATE(),'JAISON',GETDATE(),'JAISON',GETDATE()),
(37,28,3500.000000,GETDATE(),'JAISON',GETDATE(),'JAISON',GETDATE()),
(38,15,2803.000000,GETDATE(),'JAISON',GETDATE(),'JAISON',GETDATE()),
(39,15,4852.000000,GETDATE(),'JAISON',GETDATE(),'JAISON',GETDATE()),
(40,35,5572.000000,GETDATE(),'JAISON',GETDATE(),'JAISON',GETDATE()),
(41,35,7380.000000,GETDATE(),'JAISON',GETDATE(),'JAISON',GETDATE()),
(42,28,4000.000000,GETDATE(),'JAISON',GETDATE(),'JAISON',GETDATE()),
(43,28,4000.000000,GETDATE(),'JAISON',GETDATE(),'JAISON',GETDATE()),
(44,13,4800.000000,GETDATE(),'JAISON',GETDATE(),'JAISON',GETDATE()),
(45,13,5720.000000,GETDATE(),'JAISON',GETDATE(),'JAISON',GETDATE()),
(46,13,6020.000000,GETDATE(),'JAISON',GETDATE(),'JAISON',GETDATE()),
(47,13,6150.000000,GETDATE(),'JAISON',GETDATE(),'JAISON',GETDATE()),
(48,13,6960.000000,GETDATE(),'JAISON',GETDATE(),'JAISON',GETDATE()),
(49,13,6500.000000,GETDATE(),'JAISON',GETDATE(),'JAISON',GETDATE()),
(50,12,7000.000000,GETDATE(),'JAISON',GETDATE(),'JAISON',GETDATE()),
(51,12,6320.000000,GETDATE(),'JAISON',GETDATE(),'JAISON',GETDATE()),
(52,12,6840.000000,GETDATE(),'JAISON',GETDATE(),'JAISON',GETDATE()),
(53,12,7000.000000,GETDATE(),'JAISON',GETDATE(),'JAISON',GETDATE()),
(54,12,3500.000000,GETDATE(),'JAISON',GETDATE(),'JAISON',GETDATE()),
(55,12,2500.000000,GETDATE(),'JAISON',GETDATE(),'JAISON',GETDATE()),
(56,34,3000.000000,GETDATE(),'JAISON',GETDATE(),'JAISON',GETDATE()),
(57,34,5000.000000,GETDATE(),'JAISON',GETDATE(),'JAISON',GETDATE()),
(58,34,3000.000000,GETDATE(),'JAISON',GETDATE(),'JAISON',GETDATE()),
(59,34,1200.000000,GETDATE(),'JAISON',GETDATE(),'JAISON',GETDATE()),
(60,34,4000.000000,GETDATE(),'JAISON',GETDATE(),'JAISON',GETDATE()),
(61,34,5000.000000,GETDATE(),'JAISON',GETDATE(),'JAISON',GETDATE()),
(62,28,6000.000000,GETDATE(),'JAISON',GETDATE(),'JAISON',GETDATE()),
(63,28,6000.000000,GETDATE(),'JAISON',GETDATE(),'JAISON',GETDATE()),
(64,26,9400.000000,GETDATE(),'JAISON',GETDATE(),'JAISON',GETDATE()),
(65,26,7900.000000,GETDATE(),'JAISON',GETDATE(),'JAISON',GETDATE()),
(66,26,7321.000000,GETDATE(),'JAISON',GETDATE(),'JAISON',GETDATE()),
(67,26,11920.000000,GETDATE(),'JAISON',GETDATE(),'JAISON',GETDATE()),
(68,26,9232.000000,GETDATE(),'JAISON',GETDATE(),'JAISON',GETDATE()),
(69,26,3010.000000,GETDATE(),'JAISON',GETDATE(),'JAISON',GETDATE()),
(70,26,10873.000000,GETDATE(),'JAISON',GETDATE(),'JAISON',GETDATE()),
(71,26,13193.000000,GETDATE(),'JAISON',GETDATE(),'JAISON',GETDATE()),
(72,29,8282.000000,GETDATE(),'JAISON',GETDATE(),'JAISON',GETDATE()),
(73,29,4330.000000,GETDATE(),'JAISON',GETDATE(),'JAISON',GETDATE()),
(74,29,5107.000000,GETDATE(),'JAISON',GETDATE(),'JAISON',GETDATE()),
(75,29,5010.000000,GETDATE(),'JAISON',GETDATE(),'JAISON',GETDATE()),
(76,29,500.000000,GETDATE(),'JAISON',GETDATE(),'JAISON',GETDATE()),
(77,24,5400.000000,GETDATE(),'JAISON',GETDATE(),'JAISON',GETDATE()),
(78,24,4900.000000,GETDATE(),'JAISON',GETDATE(),'JAISON',GETDATE()),
(79,24,4400.000000,GETDATE(),'JAISON',GETDATE(),'JAISON',GETDATE()),
(80,24,500.000000,GETDATE(),'JAISON',GETDATE(),'JAISON',GETDATE()),
(81,38,6400.000000,GETDATE(),'JAISON',GETDATE(),'JAISON',GETDATE()),
(82,38,6600.000000,GETDATE(),'JAISON',GETDATE(),'JAISON',GETDATE()),
(83,38,6800.000000,GETDATE(),'JAISON',GETDATE(),'JAISON',GETDATE()),
(84,38,2900.000000,GETDATE(),'JAISON',GETDATE(),'JAISON',GETDATE()),
(85,38,5275.000000,GETDATE(),'JAISON',GETDATE(),'JAISON',GETDATE()),
(86,38,5900.000000,GETDATE(),'JAISON',GETDATE(),'JAISON',GETDATE()),
(87,38,4000.000000,GETDATE(),'JAISON',GETDATE(),'JAISON',GETDATE()),
(88,38,6100.000000,GETDATE(),'JAISON',GETDATE(),'JAISON',GETDATE()),
(89,38,4000.000000,GETDATE(),'JAISON',GETDATE(),'JAISON',GETDATE()),
(90,38,8000.000000,GETDATE(),'JAISON',GETDATE(),'JAISON',GETDATE()),
(91,38,7000.000000,GETDATE(),'JAISON',GETDATE(),'JAISON',GETDATE()),
(92,2,10.000000,GETDATE(),'JAISON',GETDATE(),'JAISON',GETDATE()),
(93,2,5,GETDATE(),'JAISON',GETDATE(),'JAISON',GETDATE()),
(94,2,20,GETDATE(),'JAISON',GETDATE(),'JAISON',GETDATE()),
(95,2,7,GETDATE(),'JAISON',GETDATE(),'JAISON',GETDATE()),
(96,2,0,GETDATE(),'JAISON',GETDATE(),'JAISON',GETDATE()),
(97,22,4878.000000,GETDATE(),'JAISON',GETDATE(),'JAISON',GETDATE()),
(98,22,5415.000000,GETDATE(),'JAISON',GETDATE(),'JAISON',GETDATE()),
(99,22,3810.000000,GETDATE(),'JAISON',GETDATE(),'JAISON',GETDATE()),
(100,22,5291.000000,GETDATE(),'JAISON',GETDATE(),'JAISON',GETDATE()),
(101,22,8771.000000,GETDATE(),'JAISON',GETDATE(),'JAISON',GETDATE()),
(102,14,8010.000000,GETDATE(),'JAISON',GETDATE(),'JAISON',GETDATE()),
(103,14,2844.000000,GETDATE(),'JAISON',GETDATE(),'JAISON',GETDATE()),
(104,20,7500.000000,GETDATE(),'JAISON',GETDATE(),'JAISON',GETDATE()),
(105,21,7140.000000,GETDATE(),'JAISON',GETDATE(),'JAISON',GETDATE()),
(106,21,3565.000000,GETDATE(),'JAISON',GETDATE(),'JAISON',GETDATE()),
(107,21,4530.000000,GETDATE(),'JAISON',GETDATE(),'JAISON',GETDATE()),
(108,21,3650.000000,GETDATE(),'JAISON',GETDATE(),'JAISON',GETDATE()),
(109,21,3800.000000,GETDATE(),'JAISON',GETDATE(),'JAISON',GETDATE()),
(110,38,5500.000000,GETDATE(),'JAISON',GETDATE(),'JAISON',GETDATE()),
(111,14,6543.000000,GETDATE(),'JAISON',GETDATE(),'JAISON',GETDATE()),
(112,14,7010.000000,GETDATE(),'JAISON',GETDATE(),'JAISON',GETDATE()),
(113,14,7553.000000,GETDATE(),'JAISON',GETDATE(),'JAISON',GETDATE()),
(114,14,8043.000000,GETDATE(),'JAISON',GETDATE(),'JAISON',GETDATE()),
(115,14,8513.000000,GETDATE(),'JAISON',GETDATE(),'JAISON',GETDATE()),
(116,14,6045.000000,GETDATE(),'JAISON',GETDATE(),'JAISON',GETDATE()),
(117,30,4999.000000,GETDATE(),'JAISON',GETDATE(),'JAISON',GETDATE()),
(118,14,3045.000000,GETDATE(),'JAISON',GETDATE(),'JAISON',GETDATE()),
(119,22,9028.000000,GETDATE(),'JAISON',GETDATE(),'JAISON',GETDATE()),
(120,22,8026.000000,GETDATE(),'JAISON',GETDATE(),'JAISON',GETDATE()),
(121,22,4053.000000,GETDATE(),'JAISON',GETDATE(),'JAISON',GETDATE()),
(122,22,2000.000000,GETDATE(),'JAISON',GETDATE(),'JAISON',GETDATE()),
(123,22,5356.000000,GETDATE(),'JAISON',GETDATE(),'JAISON',GETDATE()),
(124,38,5861.000000,GETDATE(),'JAISON',GETDATE(),'JAISON',GETDATE()),
(125,38,6130.000000,GETDATE(),'JAISON',GETDATE(),'JAISON',GETDATE()),
(126,38,5308.000000,GETDATE(),'JAISON',GETDATE(),'JAISON',GETDATE()),
(127,24,7066.000000,GETDATE(),'JAISON',GETDATE(),'JAISON',GETDATE()),
(128,24,7143.000000,GETDATE(),'JAISON',GETDATE(),'JAISON',GETDATE()),
(129,24,6000.000000,GETDATE(),'JAISON',GETDATE(),'JAISON',GETDATE()),
(130,24,6000.000000,GETDATE(),'JAISON',GETDATE(),'JAISON',GETDATE()),
(131,39,3000.000000,GETDATE(),'JAISON',GETDATE(),'JAISON',GETDATE()),
(132,39,6000.000000,GETDATE(),'JAISON',GETDATE(),'JAISON',GETDATE()),
(133,39,6000.000000,GETDATE(),'JAISON',GETDATE(),'JAISON',GETDATE()),
(134,39,80.000000,GETDATE(),'JAISON',GETDATE(),'JAISON',GETDATE()),
(135,39,290.000000,GETDATE(),'JAISON',GETDATE(),'JAISON',GETDATE()),
(136,39,50.000000,GETDATE(),'JAISON',GETDATE(),'JAISON',GETDATE()),
(137,22,500.000000,GETDATE(),'JAISON',GETDATE(),'JAISON',GETDATE()),
(138,22,5500.000000,GETDATE(),'JAISON',GETDATE(),'JAISON',GETDATE()),
(139,22,5500.000000,GETDATE(),'JAISON',GETDATE(),'JAISON',GETDATE()),
(140,22,6500.000000,GETDATE(),'JAISON',GETDATE(),'JAISON',GETDATE()),
(141,22,5000.000000,GETDATE(),'JAISON',GETDATE(),'JAISON',GETDATE()),
(142,35,3800.000000,GETDATE(),'JAISON',GETDATE(),'JAISON',GETDATE()),
(143,35,6000.000000,GETDATE(),'JAISON',GETDATE(),'JAISON',GETDATE()),
(144,35,5200.000000,GETDATE(),'JAISON',GETDATE(),'JAISON',GETDATE()),
(145,14,5000.000000,GETDATE(),'JAISON',GETDATE(),'JAISON',GETDATE()),
(146,14,6000.000000,GETDATE(),'JAISON',GETDATE(),'JAISON',GETDATE()),
(147,14,6950.000000,GETDATE(),'JAISON',GETDATE(),'JAISON',GETDATE()),
(148,14,5000.000000,GETDATE(),'JAISON',GETDATE(),'JAISON',GETDATE()),
(149,14,6000.000000,GETDATE(),'JAISON',GETDATE(),'JAISON',GETDATE()),
(150,14,4003.000000,GETDATE(),'JAISON',GETDATE(),'JAISON',GETDATE()),
(151,14,3013.000000,GETDATE(),'JAISON',GETDATE(),'JAISON',GETDATE()),
(152,18,6013.000000,GETDATE(),'JAISON',GETDATE(),'JAISON',GETDATE()),
(153,18,6000.000000,GETDATE(),'JAISON',GETDATE(),'JAISON',GETDATE()),
(154,10,5696.000000,GETDATE(),'JAISON',GETDATE(),'JAISON',GETDATE()),
(155,10,5502.000000,GETDATE(),'JAISON',GETDATE(),'JAISON',GETDATE()),
(156,24,5685.000000,GETDATE(),'JAISON',GETDATE(),'JAISON',GETDATE()),
(157,24,8552.000000,GETDATE(),'JAISON',GETDATE(),'JAISON',GETDATE()),
(158,24,7048.000000,GETDATE(),'JAISON',GETDATE(),'JAISON',GETDATE()),
(159,24,5047.000000,GETDATE(),'JAISON',GETDATE(),'JAISON',GETDATE()),
(160,24,5541.000000,GETDATE(),'JAISON',GETDATE(),'JAISON',GETDATE()),
(161,24,6026.000000,GETDATE(),'JAISON',GETDATE(),'JAISON',GETDATE()),
(162,24,7036.000000,GETDATE(),'JAISON',GETDATE(),'JAISON',GETDATE()),
(163,24,5238.000000,GETDATE(),'JAISON',GETDATE(),'JAISON',GETDATE()),
(164,24,3802.000000,GETDATE(),'JAISON',GETDATE(),'JAISON',GETDATE()),
(165,4,5852.000000,GETDATE(),'JAISON',GETDATE(),'JAISON',GETDATE()),
(166,15,7877.000000,GETDATE(),'JAISON',GETDATE(),'JAISON',GETDATE()),
(167,3,6949.000000,GETDATE(),'JAISON',GETDATE(),'JAISON',GETDATE()),
(168,3,5612.000000,GETDATE(),'JAISON',GETDATE(),'JAISON',GETDATE()),
(169,3,0.000000,GETDATE(),'JAISON',GETDATE(),'JAISON',GETDATE()),
(170,4,4073.000000,GETDATE(),'JAISON',GETDATE(),'JAISON',GETDATE()),
(171,4,200.000000,GETDATE(),'JAISON',GETDATE(),'JAISON',GETDATE()),
(172,4,1000.000000,GETDATE(),'JAISON',GETDATE(),'JAISON',GETDATE()),
(173,5,3000.000000,GETDATE(),'JAISON',GETDATE(),'JAISON',GETDATE()),
(174,5,4000.000000,GETDATE(),'JAISON',GETDATE(),'JAISON',GETDATE()),
(175,6,3500.000000,GETDATE(),'JAISON',GETDATE(),'JAISON',GETDATE()),
(176,7,4500.000000,GETDATE(),'JAISON',GETDATE(),'JAISON',GETDATE()),
(177,8,3610.000000,GETDATE(),'JAISON',GETDATE(),'JAISON',GETDATE()),
(178,8,2635.000000,GETDATE(),'JAISON',GETDATE(),'JAISON',GETDATE()),
(179,8,7060.000000,GETDATE(),'JAISON',GETDATE(),'JAISON',GETDATE()),
(180,8,6500.000000,GETDATE(),'JAISON',GETDATE(),'JAISON',GETDATE()),
(181,8,7500.000000,GETDATE(),'JAISON',GETDATE(),'JAISON',GETDATE()),
(182,8,6147.000000,GETDATE(),'JAISON',GETDATE(),'JAISON',GETDATE()),
(183,9,6053.000000,GETDATE(),'JAISON',GETDATE(),'JAISON',GETDATE()),
(184,10,6751.000000,GETDATE(),'JAISON',GETDATE(),'JAISON',GETDATE()),
(185,10,6344.000000,GETDATE(),'JAISON',GETDATE(),'JAISON',GETDATE()),
(186,11,6189.000000,GETDATE(),'JAISON',GETDATE(),'JAISON',GETDATE()),
(187,17,7415.000000,GETDATE(),'JAISON',GETDATE(),'JAISON',GETDATE()),
(188,17,4055.000000,GETDATE(),'JAISON',GETDATE(),'JAISON',GETDATE()),
(189,19,250.000000,GETDATE(),'JAISON',GETDATE(),'JAISON',GETDATE()),
(190,23,612.000000,GETDATE(),'JAISON',GETDATE(),'JAISON',GETDATE()),
(191,23,634.000000,GETDATE(),'JAISON',GETDATE(),'JAISON',GETDATE()),
(192,23,682.000000,GETDATE(),'JAISON',GETDATE(),'JAISON',GETDATE()),
(193,25,585.000000,GETDATE(),'JAISON',GETDATE(),'JAISON',GETDATE()),
(194,28,587.000000,GETDATE(),'JAISON',GETDATE(),'JAISON',GETDATE()),
(195,28,3432.000000,GETDATE(),'JAISON',GETDATE(),'JAISON',GETDATE()),
(196,28,4146.000000,GETDATE(),'JAISON',GETDATE(),'JAISON',GETDATE()),
(197,28,6533.000000,GETDATE(),'JAISON',GETDATE(),'JAISON',GETDATE()),
(198,28,2500.000000,GETDATE(),'JAISON',GETDATE(),'JAISON',GETDATE()),
(199,30,0.000000,GETDATE(),'JAISON',GETDATE(),'JAISON',GETDATE()),
(200,30,1343.000000,GETDATE(),'JAISON',GETDATE(),'JAISON',GETDATE()),
(201,30,2500.000000,GETDATE(),'JAISON',GETDATE(),'JAISON',GETDATE()),
(202,32,5000.000000,GETDATE(),'JAISON',GETDATE(),'JAISON',GETDATE()),
(203,32,8000.000000,GETDATE(),'JAISON',GETDATE(),'JAISON',GETDATE()),
(204,32,8500.000000,GETDATE(),'JAISON',GETDATE(),'JAISON',GETDATE()),
(205,32,0.000000,GETDATE(),'JAISON',GETDATE(),'JAISON',GETDATE()),
(206,32,3000.000000,GETDATE(),'JAISON',GETDATE(),'JAISON',GETDATE()),
(207,32,6000.000000,GETDATE(),'JAISON',GETDATE(),'JAISON',GETDATE()),
(208,33,7200.000000,GETDATE(),'JAISON',GETDATE(),'JAISON',GETDATE()),
(209,33,7000.000000,GETDATE(),'JAISON',GETDATE(),'JAISON',GETDATE()),
(210,33,6500.000000,GETDATE(),'JAISON',GETDATE(),'JAISON',GETDATE()),
(211,33,3500.000000,GETDATE(),'JAISON',GETDATE(),'JAISON',GETDATE()),
(212,33,9000.000000,GETDATE(),'JAISON',GETDATE(),'JAISON',GETDATE()),
(213,34,5000.000000,GETDATE(),'JAISON',GETDATE(),'JAISON',GETDATE()),
(214,34,8500.000000,GETDATE(),'JAISON',GETDATE(),'JAISON',GETDATE()),
(215,37,9000.000000,GETDATE(),'JAISON',GETDATE(),'JAISON',GETDATE()),
(216,38,5500.000000,GETDATE(),'JAISON',GETDATE(),'JAISON',GETDATE()),
(217,38,6000.000000,GETDATE(),'JAISON',GETDATE(),'JAISON',GETDATE())
GO

INSERT INTO HISTORIAL_COMPRA ( [COD_CLIE_HIST], [COD_PROD_HIST], [COD_CATE_HIST], [IMP_COMP_HIST], 
[FEC_COMP_HIST], [COD_USUA_CREA], [FEC_USUA_CREA], [COD_USUA_MODI], [FEC_USUA_MODI] )
VALUES
(1,5,15,38230.2000000000,GETDATE(),'JAISON',GETDATE(),'JAISON',GETDATE()),
(1,32,35,339856.4000000000,GETDATE(),'JAISON',GETDATE(),'JAISON',GETDATE()),
(1,29,16,424.8000000000,GETDATE(),'JAISON',GETDATE(),'JAISON',GETDATE()),
(2,33,28,751.8960000000,GETDATE(),'JAISON',GETDATE(),'JAISON',GETDATE()),
(2,34,28,1911.6000000000,GETDATE(),'JAISON',GETDATE(),'JAISON',GETDATE()),
(2,35,28,3823.2000000000,GETDATE(),'JAISON',GETDATE(),'JAISON',GETDATE()),
(2,36,28,1062.0000000000,GETDATE(),'JAISON',GETDATE(),'JAISON',GETDATE()),
(2,37,28,1062.0000000000,GETDATE(),'JAISON',GETDATE(),'JAISON',GETDATE()),
(3,38,15,254.8800000000,GETDATE(),'JAISON',GETDATE(),'JAISON',GETDATE()),
(3,3,15,152.9280000000,GETDATE(),'JAISON',GETDATE(),'JAISON',GETDATE()),
(3,39,15,265.0752000000,GETDATE(),'JAISON',GETDATE(),'JAISON',GETDATE()),
(3,40,35,229.3920000000,GETDATE(),'JAISON',GETDATE(),'JAISON',GETDATE()),
(3,41,35,191.1600000000,GETDATE(),'JAISON',GETDATE(),'JAISON',GETDATE()),
(3,148,14,74.7648000000,GETDATE(),'JAISON',GETDATE(),'JAISON',GETDATE()),
(3,33,28,250.6320000000,GETDATE(),'JAISON',GETDATE(),'JAISON',GETDATE()),
(3,42,28,1274.4000000000,GETDATE(),'JAISON',GETDATE(),'JAISON',GETDATE()),
(3,37,28,1062.0000000000,GETDATE(),'JAISON',GETDATE(),'JAISON',GETDATE()),
(4,46,13,518.4000000000,GETDATE(),'JAISON',GETDATE(),'JAISON',GETDATE()),
(4,47,13,846.0000000000,GETDATE(),'JAISON',GETDATE(),'JAISON',GETDATE()),
(5,57,34,2100.2400000000,GETDATE(),'JAISON',GETDATE(),'JAISON',GETDATE()),
(6,63,28,1699.2000000000,GETDATE(),'JAISON',GETDATE(),'JAISON',GETDATE()),
(6,43,28,10500.8000000000,GETDATE(),'JAISON',GETDATE(),'JAISON',GETDATE()),
(6,34,28,20254.2000000000,GETDATE(),'JAISON',GETDATE(),'JAISON',GETDATE()),
(7,69,26,3688.0294000000,GETDATE(),'JAISON',GETDATE(),'JAISON',GETDATE()),
(7,68,26,2263.7300000000,GETDATE(),'JAISON',GETDATE(),'JAISON',GETDATE()),
(7,72,29,4774.7520000000,GETDATE(),'JAISON',GETDATE(),'JAISON',GETDATE()),
(7,77,24,25000.4960000000,GETDATE(),'JAISON',GETDATE(),'JAISON',GETDATE()),
(7,81,38,5514.8380000000,GETDATE(),'JAISON',GETDATE(),'JAISON',GETDATE()),
(7,89,38,12605.3600000000,GETDATE(),'JAISON',GETDATE(),'JAISON',GETDATE()),
(7,95,2,6200.0000000000,GETDATE(),'JAISON',GETDATE(),'JAISON',GETDATE()),
(7,101,22,49984.6648000000,GETDATE(),'JAISON',GETDATE(),'JAISON',GETDATE()),
(8,67,26,1168.2000000000,GETDATE(),'JAISON',GETDATE(),'JAISON',GETDATE()),
(8,72,29,297.3600000000,GETDATE(),'JAISON',GETDATE(),'JAISON',GETDATE()),
(8,20,26,318.6000000000,GETDATE(),'JAISON',GETDATE(),'JAISON',GETDATE()),
(8,103,14,431.1720000000,GETDATE(),'JAISON',GETDATE(),'JAISON',GETDATE()),
(8,44,13,115473.6000000000,GETDATE(),'JAISON',GETDATE(),'JAISON',GETDATE()),
(8,55,12,4548.9600000000,GETDATE(),'JAISON',GETDATE(),'JAISON',GETDATE()),
(8,105,21,6561.0000000000,GETDATE(),'JAISON',GETDATE(),'JAISON',GETDATE()),
(8,110,38,45878.4000000000,GETDATE(),'JAISON',GETDATE(),'JAISON',GETDATE()),
(8,117,30,9720.0000000000,GETDATE(),'JAISON',GETDATE(),'JAISON',GETDATE()),
(8,92,2,800.0000000000,GETDATE(),'JAISON',GETDATE(),'JAISON',GETDATE()),
(9,71,26,31.8600000000,GETDATE(),'JAISON',GETDATE(),'JAISON',GETDATE()),
(9,123,22,324.0000000000,GETDATE(),'JAISON',GETDATE(),'JAISON',GETDATE()),
(1,125,38,465665.7600000000,GETDATE(),'JAISON',GETDATE(),'JAISON',GETDATE()),
(2,128,24,758.9760000000,GETDATE(),'JAISON',GETDATE(),'JAISON',GETDATE()),
(2,148,14,4578.1376000000,GETDATE(),'JAISON',GETDATE(),'JAISON',GETDATE()),
(2,135,39,19285.8000000000,GETDATE(),'JAISON',GETDATE(),'JAISON',GETDATE()),
(2,138,22,62760.0000000000,GETDATE(),'JAISON',GETDATE(),'JAISON',GETDATE()),
(3,62,28,1699.2000000000,GETDATE(),'JAISON',GETDATE(),'JAISON',GETDATE()),
(4,68,26,305.8560000000,GETDATE(),'JAISON',GETDATE(),'JAISON',GETDATE()),
(4,143,35,101.9520000000,GETDATE(),'JAISON',GETDATE(),'JAISON',GETDATE()),
(4,148,14,74.7648000000,GETDATE(),'JAISON',GETDATE(),'JAISON',GETDATE()),
(5,27,9,19401.7970000000,GETDATE(),'JAISON',GETDATE(),'JAISON',GETDATE()),
(5,152,18,33188.7744000000,GETDATE(),'JAISON',GETDATE(),'JAISON',GETDATE()),
(5,17,5,9409.3200000000,GETDATE(),'JAISON',GETDATE(),'JAISON',GETDATE()),
(5,155,10,795.4380000000,GETDATE(),'JAISON',GETDATE(),'JAISON',GETDATE()),
(5,95,2,3800.0000000000,GETDATE(),'JAISON',GETDATE(),'JAISON',GETDATE()),
(6,158,24,1202.9700000000,GETDATE(),'JAISON',GETDATE(),'JAISON',GETDATE()),
(6,160,24,618.6680000000,GETDATE(),'JAISON',GETDATE(),'JAISON',GETDATE()),
(7,165,4,788.4288000000,GETDATE(),'JAISON',GETDATE(),'JAISON',GETDATE()),
(8,165,4,9319.6916000000,GETDATE(),'JAISON',GETDATE(),'JAISON',GETDATE()),
(8,27,9,6717.4378000000,GETDATE(),'JAISON',GETDATE(),'JAISON',GETDATE()),
(8,95,2,1000.0000000000,GETDATE(),'JAISON',GETDATE(),'JAISON',GETDATE()),
(9,186,11,466.5600000000,GETDATE(),'JAISON',GETDATE(),'JAISON',GETDATE()),
(9,33,28,1002.5280000000,GETDATE(),'JAISON',GETDATE(),'JAISON',GETDATE()),
(1,186,11,466.5600000000,GETDATE(),'JAISON',GETDATE(),'JAISON',GETDATE()),
(1,33,28,1002.5280000000,GETDATE(),'JAISON',GETDATE(),'JAISON',GETDATE()),
(2,144,35,2293.9200000000,GETDATE(),'JAISON',GETDATE(),'JAISON',GETDATE()),
(3,73,29,10.6200000000,GETDATE(),'JAISON',GETDATE(),'JAISON',GETDATE()),
(3,166,15,33.9840000000,GETDATE(),'JAISON',GETDATE(),'JAISON',GETDATE())
GO

--delete categorias

delete from [dbo].[STOCK_CANJE]
where COD_STOC_CATE IN( 4,6,9,10,11,20,23,37,39,14,18,20,21,38,31,33,19,16,34,32,36)
GO

delete from [dbo].[PRODUCTO_CANJE]
where COD_CATE_prod IN( 4,6,9,10,11,20,23,37,39,14,18,20,21,38,31,33,19,16,34,32,36)
GO

DELETE FROM [dbo].[HISTORIAL_COMPRA]
where COD_CATE_HIST IN( 4,6,9,10,11,20,23,37,39,14,18,20,21,38,31,33,19,16,34,32,36)
GO

DELETE FROM [dbo].[CATEGORIA]
where COD_CATE_prod IN( 4,6,9,10,11,20,23,37,39,14,18,20,21,38,31,33,19,16,34,32,36)
GO

UPDATE PRODUCTO_CANJE
SET IMAGEN = 'Content\Images\'+CONVERT(VARCHAR(3),COD_PROD_CANJ)+'.jpg'
GO
--

IF EXISTS (SELECT * FROM sys.objects WHERE type = 'P' AND name = '[dbo].[PRODUCTO_Q01]')
DROP PROCEDURE [dbo].[PRODUCTO_Q01]
GO

create Procedure [dbo].[PRODUCTO_Q01]
/*------------------------------------------------------*/  

/*------------------------------------------------------*/  
@COD_PROD INTEGER
  
As  
BEGIN

IF @COD_PROD = 0
BEGIN
	SELECT T2.COD_PROD_CANJ, T2.IMAGEN 'IMAGEN', T2.VAL_CANJ , T1.CAN_STOC_CANJ,
	T2.NOM_PROD_CANJ, T2.DES_PROD_CANJ, T2.COD_CATE_PROD , T3.NOM_CATE_PROD ,T2.CON_PROD_CANJ,T2.CON_PROD_CANJ
	FROM STOCK_CANJE T1 INNER JOIN PRODUCTO_CANJE T2 ON
	( T2.COD_PROD_CANJ = T1.COD_STOC_ITEM AND T2.COD_CATE_PROD = T1.COD_STOC_CATE )
	INNER JOIN CATEGORIA T3 ON
	( T3.COD_CATE_PROD = T2.COD_CATE_PROD )
	ORDER BY T1.COD_STOC_ITEM
END
ELSE
BEGIN 
	SELECT T2.COD_PROD_CANJ, T2.IMAGEN 'IMAGEN', T2.VAL_CANJ , T1.CAN_STOC_CANJ,
	T2.NOM_PROD_CANJ, T2.DES_PROD_CANJ, T2.COD_CATE_PROD , T3.NOM_CATE_PROD ,T2.CON_PROD_CANJ,T2.CON_PROD_CANJ
	FROM STOCK_CANJE T1 INNER JOIN PRODUCTO_CANJE T2 ON
	( T2.COD_PROD_CANJ = T1.COD_STOC_ITEM AND T2.COD_CATE_PROD = T1.COD_STOC_CATE )
	INNER JOIN CATEGORIA T3 ON
	( T3.COD_CATE_PROD = T2.COD_CATE_PROD )
	WHERE T1.COD_STOC_ITEM = @COD_PROD
	ORDER BY T1.COD_STOC_ITEM
END
END
GO
--

CREATE TYPE dbo.CategoryList
AS TABLE
(
  ID INT
);
GO

IF EXISTS (SELECT * FROM sys.objects WHERE type = 'P' AND name = '[dbo].[CATALOGO_PERSONALIZADO_Q01]')
DROP PROCEDURE [dbo].[CATALOGO_PERSONALIZADO_Q01]
GO

CREATE PROCEDURE [dbo].[CATALOGO_PERSONALIZADO_Q01]
  @CATEGORIAS AS dbo.CategoryList READONLY,
  @CANTIDAD INTEGER,
  @PAGINA INTEGER
AS
BEGIN
  SELECT * FROM ( 
	 SELECT [COD_PROD_CANJ]
      ,[NOM_PROD_CANJ]
      ,[COD_CATE_PROD]
      ,[VAL_CANJ]
      ,[TIP_CANJ]
      ,[DES_PROD_CANJ]
	  ,[IMAGEN]
	  ,COUNT(*) OVER() as TOTAL
      ,Row_number() OVER(ORDER BY COD_PROD_CANJ) AS RowNum 
	  FROM dbo.PRODUCTO_CANJE 
	  WHERE [COD_CATE_PROD] IN (SELECT ID FROM @CATEGORIAS)
   ) T
   WHERE T.RowNum BETWEEN ( @PAGINA - 1 ) * @PAGINA + 1 
   AND @PAGINA * @CANTIDAD
END
GO

IF EXISTS (SELECT * FROM sys.objects WHERE type = 'P' AND name = '[dbo].[PRODUCTOSXCATEGORIA_Q01]')
DROP PROCEDURE [dbo].[PRODUCTOSXCATEGORIA_Q01]
GO

CREATE Procedure [dbo].[PRODUCTOSXCATEGORIA_Q01]
/*------------------------------------------------------*/  

/*------------------------------------------------------*/  
@COD_CATE INTEGER
  
As  
BEGIN

IF @COD_CATE = 0
BEGIN
	select A.* from [dbo].[PRODUCTO_CANJE] A inner join
	[dbo].[CATEGORIA] B on A.cod_cate_prod=B.cod_cate_PROD
END
ELSE
BEGIN 
	select A.* from [dbo].[PRODUCTO_CANJE] A inner join
	[dbo].[CATEGORIA] B on A.cod_cate_prod=B.cod_cate_PROD
	Where B.cod_cate_prod=@COD_CATE
END

END
GO

IF EXISTS (SELECT * FROM sys.objects WHERE type = 'P' AND name = '[dbo].[CATEGORIA_Q01]')
DROP PROCEDURE [dbo].[CATEGORIA_Q01]
GO

CREATE Procedure [dbo].[CATEGORIA_Q01]
/*------------------------------------------------------*/  

/*------------------------------------------------------*/  
  
As  
BEGIN


	SELECT COD_CATE_PROD, NOM_CATE_PROD
	FROM   CATEGORIA

END
GO

IF EXISTS (SELECT * FROM sys.objects WHERE type = 'P' AND name = '[dbo].[HISTORIAL_COMPRA_Q01]')
DROP PROCEDURE [dbo].[HISTORIAL_COMPRA_Q01]
GO


CREATE Procedure [dbo].[HISTORIAL_COMPRA_Q01]
/*------------------------------------------------------*/  

/*------------------------------------------------------*/  
@COD_CLIE INTEGER
  
As  
BEGIN

IF @COD_CLIE = 0
BEGIN
	SELECT COD_CLIE_HIST, COD_PROD_HIST, COD_CATE_HIST, IMP_COMP_HIST, FEC_COMP_HIST
	FROM   HISTORIAL_COMPRA
END
ELSE
BEGIN 
	SELECT COD_CLIE_HIST, COD_PROD_HIST, COD_CATE_HIST, IMP_COMP_HIST, FEC_COMP_HIST
	FROM   HISTORIAL_COMPRA 
	WHERE  COD_CLIE_HIST = @COD_CLIE
END

END
GO







	

